OBJECTID,BUS_TYPE,BUS_NAME,BUS_ADDRESS,ST_NAME,NBRHD,SUBREGION,MATCH_ADDR,BUS_URL,LON,LAT,GLOBALID
1,Shopping,Another Man's Treasure,195 Montgomery St,Montgomery,Jersey City,Hudson,"195 Montgomery Street, Jersey City, NJ, 07302",https://www.AMTvintage.com,-74.04345477,40.71736298,9e0b1c26-e878-4e65-9dcf-e4d291d54357
2,Shopping,CoolVines,276 Grove St,Grove,Jersey City,Hudson,"276 Grove Street, Jersey City, NJ, 07302",https://powerhouse.coolvines.com/,-74.04398324,40.7173521,dbd23fa6-7c40-4d69-87b4-bfa8e06f29f0
3,Attraction,Departed Soles Brewing,150 Bay St,Bay,Jersey City,Hudson,"150 Bay Street, Jersey City, NJ, 07302",http://departedsoles.com/,-74.03992199999999,40.721030999999996,a14180f9-8c00-4f2b-ad1a-a37898802d4c
4,Food,DOMODOMO,200 Greene St,Greene,Jersey City,Hudson,"200 Greene Street, Jersey City, NJ, 07302",https://www.domodomojc.com/,-74.03444234,40.72017743,81820506-bbf9-4c3e-a86c-c90f60e4d35c
5,Food,Downtown Yogurt,126 Newark Ave,Newark,Jersey City,Hudson,"126 Newark Avenue, Jersey City, NJ, 07302",https://downtownyogurt.com,-74.04304499999999,40.720248,397c695b-0420-43d0-a2e3-8eb0c08a77f1
6,Food,Edward's Steakhouse,239 Marin Blvd,Marin,Jersey City,Hudson,"239 Marin Boulevard, Jersey City, NJ, 07302",https://www.edwardssteakhouse.com,-74.04270379,40.71629675,ccd301a2-ef89-4f6a-b56d-6930e923bcb9
7,Food,Franklin Social,292 Barrow St,Barrow,Jersey City,Hudson,"292 Barrow Street, Jersey City, NJ, 07302",https://franklinsocial.com/,-74.0455245,40.718852999999996,81b60436-2351-4e1b-ba1b-cbe474086c84
8,Food,Grace O'Malleys,140 Newark Ave,Newark,Jersey City,Hudson,"140 Newark Avenue, Jersey City, NJ, 07302",https://www.graceomalleys-jc.com/,-74.043594,40.720563,860e8c42-30cf-4401-93ce-2b17381dd506
9,Shopping,Hazel Baby & Kids,199 Montgomery St,Montgomery,Jersey City,Hudson,"199 Montgomery Street, Jersey City, NJ, 07302",https://www.hazelbaby.com/,-74.04362319,40.71737951,369a6fd4-0016-4ee6-8ae9-77c231f1637c
10,Food,Honshu,95 Greene St,Greene,Jersey City,Hudson,"95 Greene Street, Jersey City, NJ, 07302",http://www.honshulounge.com,-74.0363895,40.715514,badeac48-7e75-46ac-b75d-b02c1333fea9
11,Shopping,Hound About Town,17 McWilliams Pl,McWilliams,Jersey City,Hudson,"McWilliams Place, Jersey City, NJ, 07302",https://www.houndabouttownjc.com/,-74.04399773,40.72768987,9a27e4ad-cab0-4b3e-9e7c-40a003a57436
12,Shopping,Hound About Town,218 Montgomery St,Montgomery,Jersey City,Hudson,"218 Montgomery Street, Jersey City, NJ, 07302",https://www.houndabouttownjc.com/,-74.04435062,40.71770729,64f22b4e-7a8f-4094-8422-de482e657e2f
13,Food,Hudson & Co,3 2nd St,2nd,Jersey City,Hudson,"3 2nd Street, Jersey City, NJ, 07311",https://www.hudsonandconj.com/,-74.0318355,40.720887,b6f5e6f6-3cc8-4c91-a559-355d859822b7
14,Shopping,Kanibal & Co.,197 Montgomery St,Montgomery,Jersey City,Hudson,"197 Montgomery Street, Jersey City, NJ, 07302",https://www.shopkanibal.com/,-74.04353898,40.71737124,17fafd04-d8ca-45d4-92d2-d49523719984
15,Food,Keyhole Bar,242 Bay St,Bay,Jersey City,Hudson,"242 Bay Street, Jersey City, NJ, 07302",https://www.instagram.com/keyholebarjc/,-74.0445255,40.721247,d6423d2f-fab7-4d21-afdb-f3b67d3c970c
16,Food,Carmine's Pizza Factory,366 8th St,8th,Jersey City,Hudson,"366 8th Street, Jersey City, NJ, 07302",http://carminespizzajc.com/,-74.0500155,40.727565,bfbddb44-e964-448d-b677-5ae02598de12
17,Café,Lackawanna Coffee,140 Bay Street,Bay,Jersey City,Hudson,"140 Bay Street, Jersey City, NJ, 07302",http://www.lackawannacoffee.com/,-74.03923757,40.72081761,f2d238e4-84eb-4bc8-abe3-bebb4fb35151
18,Shopping,CoolVines,350 Warren St,Warren,Jersey City,Hudson,"350 Warren Street, Kearny, NJ, 07032",https://powerhouse.coolvines.com/,-74.03837944,40.72011718,0e57dc5d-5a54-4ec2-abfd-240099455486
19,Café,Lackawanna Coffee,325 Warren St,Warren,Jersey City,Hudson,"325 Warren Street, Jersey City, NJ, 07302",http://www.lackawannacoffee.com/,-74.03887595,40.71938722,556b9d51-5068-401a-831a-7a57b2f1588e
20,Café,Bwe Kafe,140 River Dr S,River,Jersey City,Hudson,"140 River Street, Jersey City, NJ, 07302",https://www.bwekafe.com/,-74.03167843,40.73114076,30e81f21-3d97-4f69-b3cd-ddebdd88427e
21,Café,Lackawanna Coffee,295 Grove Street,Grove,Jersey City,Hudson,"295 Grove Street, Jersey City, NJ, 07302",http://www.lackawannacoffee.com/,-74.043792,40.718547,2415bf4e-bf5e-41c6-be15-8d4411f92c7c
22,Food,Luna Restaurant & Bar,279 Grove street,Grove,Jersey City,Hudson,"279 Grove Street, Jersey City, NJ, 07302",https://www.lunajc.com,-74.0442555,40.717908,3b16599f-fb85-4f9d-9a81-4ed6a50b18d9
23,Café,modcup coffee co. (mod02 - the roastery),25 Senate Place,Senate,Jersey City,Hudson,"25 Senate Place, Jersey City, NJ, 07306",https://modcup.com/,-74.06755211,40.73693295,d321f383-a923-483b-8489-0eb8b6921ff2
24,Food,Milk Sugar Love,19 McWilliams Pl,McWilliams,Jersey City,Hudson,"McWilliams Place, Jersey City, NJ, 07302",https://milksugarlove.com/,-74.04398413,40.72777356,24f2596c-7d5b-496c-9c5f-a752f45c57c6
25,Café,modcup coffee co. (mod04 - espresso bar on wheels),475 Washington Blvd,Washington,Jersey City,Hudson,"475 Washington Boulevard, Jersey City, NJ, 07310",https://modcup.com/,-74.0332695,40.71934641,c22ed62c-35b3-4bdf-9976-eadfdf9096ca
26,Attraction,om.Life Wellness Spa,18 Park View Ave,Park,Jersey City,Hudson,"18 Park Avenue, Jersey City, NJ, 07302",https://www.om.life/,-74.04329121,40.71385829,2cf1a4bd-5fda-4dec-bd36-3c88c3a309a6
27,Food,Prato Bakery,150 Bay St,Bay,Jersey City,Hudson,"150 Bay Street, Jersey City, NJ, 07302",https://www.pratobakery.com/,-74.04020116,40.72085566,91205777-abc1-4401-8ec7-f26d7c190aa8
28,Food,Porta,135 Newark Ave,Newark,Jersey City,Hudson,"135 Newark Avenue, Jersey City, NJ, 07302",https://pizzaporta.com/jersey-city,-74.04369089,40.72024361,9cd67907-2ebe-4957-948e-c872cef023f9
29,Food,Short Grain,183 Montgomery St,Montgomery,Jersey City,Hudson,"183 Montgomery Street, Jersey City, NJ, 07302",http://shortgrainjc.com/,-74.04294858,40.71727647,bc1d6f47-ae90-46e9-9a11-a3d390aa48bd
30,Café,modcup coffee co. (mod01 - the arts café),479 Palisade Ave,Palisade,Jersey City,Hudson,"479 Palisade Avenue, Jersey City, NJ, 07307",https://modcup.com/,-74.043945,40.745042999999995,1c0d147b-f38b-43fe-891e-7378be0692d4
31,Food,Prato Bakery,371 4th Street,4th,Jersey City,Hudson,"371 4th Street, Jersey City, NJ, 07302",https://www.pratobakery.com/,-74.051181,40.724396999999996,9940d25a-2ecd-426e-85e1-409117bb69bf
32,Shopping,Sloane Square,150 Bay St,Bay,Jersey City,Hudson,"150 Bay Street, Jersey City, NJ, 07302",https://www.sloanesq.net/,-74.04037314,40.72093865,20d720a4-4db9-4f35-a520-3c4be78cc3c9
33,Food,Skinner's Loft and Cove,146 Newark Ave,Newark,Jersey City,Hudson,"146 Newark Avenue, Jersey City, NJ, 07302",https://www.skinnersloft.com/,-74.043765,40.720635,669ebef8-9901-47f1-99c4-a6867a84f7aa
34,Food,Whealth Kitchen,615 Pavonia Ave,Pavonia,Jersey City,Hudson,"615 Pavonia Avenue, Jersey City, NJ, 07306",https://www.whealthkitchen.com/,-74.06120155,40.73274964,a7336ba6-ed5c-4cf0-8f39-fdd831ef0958
35,Shopping,WORD,19 McWilliams Place,McWilliams,Jersey City,Hudson,"McWilliams Place, Jersey City, NJ, 07302",https://www.wordbookstores.com/,-74.04399099,40.72771612,8527d594-7022-4948-a00b-a69d543c4c12
36,Food,Tidal Poke Co,210 Hudson Street,Hudson,Jersey City,Hudson,"210 Hudson Street, Hoboken, NJ, 07311",http://www.tidalpokeco.com/,-74.03330401,40.71916446,87bee340-f726-47fd-a698-10f464556769
37,Shopping,Noah's Ark Florist,200 Hudson St,Hudson,Jersey City,Hudson,"200 Hudson Street, Jersey City, NJ, 07311",https://www.noahsarkflorist.com/,-74.03303499,40.71803078,cb915115-a32b-4c5a-8a2e-fe386591afb0
38,Café,modcup coffee co. (mod03 - the food hall coffee bar),210 Hudson Street,Hudson,Jersey City,Hudson,"210 Hudson Street, Jersey City, NJ, 07311",https://modcup.com/,-74.03631772,40.72393379,c3ccd436-29d1-4d76-82dd-168f378bf205
39,Attraction,Arts Council of Princeton,102 Witherspoon Street,Witherspoon,Princeton,Mercer,"102 Witherspoon Street, Princeton, NJ, 08542",http://artscouncilofprinceton.org/,-74.66113578,40.35215035,d950abe7-e9c2-40a3-9b8e-c76a863ebf33
40,Attraction,4 Elements Wellness Center,301 North Harrison Street,Harrison,Princeton,Mercer,"301 North Harrison Street, Princeton, NJ, 08540",https://www.4elementswellnesscenter.com/,-74.6512655,40.36293078,d69a8d29-8b88-42f3-b2ad-f1a7a25c13c9
41,Food,Arlee's Raw Blends,14 1/2 Witherspoon St,Witherspoon,Princeton,Mercer,"14 1/2 Witherspoon Street, Princeton, NJ, 08542",https://www.arleesrawblends.com/,-74.6600885,40.3504364,6f1b8e6b-bbd5-4be8-9dcf-179feceb8878
42,Food,Blue Point Grill,258 Nassau Street,Nassau,Princeton,Mercer,"258 Nassau Street, Princeton, NJ, 08542",https://www.bluepointgrill.com/,-74.651121,40.352391,4ddb99d9-d994-484f-b6b5-7beb6b4c4964
43,Attraction,Copper River Salon and Spa,51 North Tulane Street,Tulane,Princeton,Mercer,"51 North Tulane Street, Princeton, NJ, 08542",https://www.copperriversalon.com/,-74.65884299999999,40.351842,dd7bad75-4073-4609-9219-ef2b3af31793
44,Shopping,Homestead Princeton,300 Witherspoon Street,Witherspoon,Princeton,Mercer,"300 Witherspoon Street, Princeton, NJ, 08542",https://homesteadprinceton.com/,-74.66382,40.35771,ae057176-2133-4908-be9f-9856dc8e31eb
45,Food,House of Cupcakes,34 Witherspoon Street,Witherspoon,Princeton,Mercer,"34 Witherspoon Street, Princeton, NJ, 08542",https://houseofcupcakes.com/,-74.6603955,40.350806999999996,378eddff-f3a6-450e-91b8-fdf6347af294
46,Food,Jammin Crepes,20 Nassau Street,Nassau,Princeton,Mercer,"20 Nassau Street, Princeton, NJ, 08542",https://www.jammincrepes.com/,-74.66290723,40.34902301,b77985f5-4a95-4067-96b9-2040c2d0c623
47,Shopping,jaZams,25 Palmer Square East,Palmer,Princeton,Mercer,"25 Palmer Square, Princeton, NJ, 08542",https://jazams.com/,-74.66101301,40.35085179,ae1fcd71-1d5e-42ec-9dcf-401568ba0f7e
48,Food,Kristine's,51 Witherspoon Street,Witherspoon,Princeton,Mercer,"51 Witherspoon Street, Princeton, NJ, 08542",https://www.kristinesprinceton.com/,-74.66002091,40.35127082,290a4a9b-b1f1-4f3d-87e7-d9648750ead1
49,Food,La Mezaluna,25 Witherspoon Street,Witherspoon,Princeton,Mercer,"25 Witherspoon Street, Princeton, NJ, 08542",https://www.lamezzaluna.com/,-74.6600583,40.35051851,e9b2a126-03e2-4fac-bd34-49d7450f6170
50,Shopping,Labyrinth Books,122 Nassau Street,Nassau,Princeton,Mercer,"122 Nassau Street, Princeton, NJ, 08542",https://www.labyrinthbooks.com/,-74.658879,40.350077999999996,32a11406-c7a1-4dba-983c-9ea0aa12ca46
51,Food,Lillipies Bakery,301 North Harrison Street,Harrison,Princeton,Mercer,"301 North Harrison Street, Princeton, NJ, 08540",https://lillipies.com/,-74.65140635,40.36319438,648a3c62-5a10-4fa3-9a14-da3f370d695e
52,Food,Milk and Cookies,20 Nassau Street,Nassau,Princeton,Mercer,"20 Nassau Street, Princeton, NJ, 08542",https://milkncookies.online/,-74.66284282,40.34907883,76a78957-7b8d-4876-a63c-2178bc32627e
53,Shopping,Princeton Corkscrew Wine Shop,49 Hulfish Street,Hulfish,Princeton,Mercer,"49 Hulfish Street, Princeton, NJ, 08542",https://www.princetoncorkscrew.com/,-74.66274686,40.3506528,a49885b7-d9f0-4fda-853d-3ad8d975a42f
54,Food,Nassau Street Seafood,256 Nassau Street,Nassau,Princeton,Mercer,"256 Nassau Street, Princeton, NJ, 08542",https://www.nassaustreetseafood.com/,-74.65114761,40.35254639,641b8cc7-f425-4a21-8481-76024a1c5c7d
55,Food,Nomad Pizza,301 North Harrison Street,Harrison,Princeton,Mercer,"301 North Harrison Street, Princeton, NJ, 08540",http://www.nomadpizzaco.com/,-74.65218628,40.36352582,c179c163-1227-40b3-ad23-bb0b5edd9e19
56,Shopping,Princeton Farmer's Market,172 Alexander Street,Alexander,Princeton,Mercer,"172 Alexander Street, Princeton, NJ, 08540",https://www.princetonfarmersmarket.com/,-74.65881428,40.34090066,18974f95-4d39-4f8e-8bae-59af27b20b26
57,Attraction,Princeton Garden Theatre,160 Nassau Street,Nassau,Princeton,Mercer,"160 Nassau Street, Princeton, NJ, 08542",https://princetongardentheatre.org/,-74.657484,40.35042,f2050731-6034-4b91-bda9-feaead45c3d8
58,Shopping,Princeton Record Exchange,20 South Tulane Street,Tulane,Princeton,Mercer,"20 South Tulane Street, Princeton, NJ, 08542",http://www.prex.com/,-74.65884299999999,40.350663,b513f2b4-a21b-42fd-9b72-56db0161e0cb
59,Café,Small World Coffee,14 Witherspoon Street,Witherspoon,Princeton,Mercer,"14 Witherspoon Street, Princeton, NJ, 08542",https://smallworldcoffee.com/,-74.66012099999999,40.350141,3ff56ef6-574e-4214-bf9c-97a9bd639c05
60,Café,Small World Coffee,254 Nassau Street,Nassau,Princeton,Mercer,"254 Nassau Street, Princeton, NJ, 08542",https://smallworldcoffee.com/,-74.65108821,40.35241313,551eb853-b66c-4f5d-b102-2a625bf0ecaa
61,Food,The Bent Spoon,35 Palmer Square,Palmer,Princeton,Mercer,"35 Palmer Square, Princeton, NJ, 08542",https://www.thebentspoon.com/,-74.66195017,40.34990836,63bfbbb1-92c2-4608-8ba5-208801c2a7b5
62,Attraction,Tranquility Day Spa,301 North Harrison Street,Harrison,Princeton,Mercer,"301 North Harrison Street, Princeton, NJ, 08540",https://www.tranquilitydenmassage.com/,-74.65102931,40.36397898,ec08c4f6-b0cd-4fba-a32c-e291e3125599
63,Food,Nassau Inn,10 Palmer Square,Palmer,Princeton,Mercer,"Palmer Square, Princeton, NJ, 08540",https://nassauinn.com/,-74.66096097,40.35015381,51e07777-43f0-47bf-af1c-9566f2770485
64,Food,Witherspoon Grill,57 Witherspoon Street,Witherspoon,Princeton,Mercer,"57 Witherspoon Street, Princeton, NJ, 08542",https://www.witherspoongrill.com/,-74.6600818,40.35143651,f8f7f859-1a20-47b4-9d81-4e0cfa575198
65,Food,Winberie's,1 Palmer Square,Palmer,Princeton,Mercer,"1 Palmer Square West, Princeton, NJ, 08542",https://princeton.winberies.com/,-74.66096771,40.34992605,5ce7e3e7-74a3-4836-89bc-230939c31cc3
66,Food,Princton Soup and Sandwich,30 Palmer Sqaure East,Palmer,Princeton,Mercer,"Palmer Square East, Princeton, NJ, 08542",https://www.princetonsoupandsandwich.com/,-74.66128777,40.35086482,03240701-4aa5-421c-9fd3-994127acd07f
67,Shopping,Castello Boutique,48 Broad Street,Broad,Red Bank,Monmouth,"48 Broad Street, Red Bank, NJ, 07701",https://castellostore.com/,-74.06559899999999,40.350519,fa7fd91d-d4b0-45ae-b474-848d935bb8db
68,Food,26 West on the Navesink,26 West Front Street,Front,Red Bank,Monmouth,"26 West Front Street, Red Bank, NJ, 07701",https://26westonthenavesink.com/,-74.066535,40.352193,4e7cb0ec-1605-431d-8f0e-0fa7e45abee9
69,Food,Bistro Red Bank,14 Broad Street,Broad,Red Bank,Monmouth,"14 Broad Street, Red Bank, NJ, 07701",https://thebistroatredbank.com/,-74.065635,40.351625999999996,695f255b-89b0-4634-85a0-8ef61616b76a
70,Attraction,Count Basie Center for the Arts,99 Monmouth Street,Monmouth,Red Bank,Monmouth,"99 Monmouth Street, Red Bank, NJ, 07701",https://thebasie.org/,-74.07018,40.348917,2dd95e9b-4c6d-459a-9a67-e5cff8adfda9
71,Shopping,Down to the Felt,182 West Front Street,Front,Red Bank,Monmouth,"182 West Front Street, Red Bank, NJ, 07701",http://beta.downtothefeltonline.com/,-74.07377625,40.35098099,f9208764-5ec0-43c7-9e3c-880e591f2955
72,Attraction,Earth Spirit New Age,18 Broad Street,Broad,Red Bank,Monmouth,"18 Broad Street, Red Bank, NJ, 07701",http://www.earthspiritnewage.com/,-74.06562973,40.35152208,c660da7b-63e6-4f30-a523-bdf1a5c3a47d
73,Shopping,Fins and Feathers,134 Monmouth Street,Monmouth,Red Bank,Monmouth,"134 Monmouth Street, Red Bank, NJ, 07701",https://finsandfeatherspetsandgrooming.com/,-74.071998,40.349205,92f94f5d-da7b-4f6c-b8fe-a3689837346d
74,Food,JBJ Soul Kitchen,207 Monmouth Street,Monmouth,Red Bank,Monmouth,"207 Monmouth Street, Red Bank, NJ, 07701",https://jbjsoulkitchen.org/,-74.0756745,40.348161,113d59b0-e788-45a2-bd20-d25254adfd19
75,Food,Good Life Organic Kitchen,60 Broad Street,Broad,Red Bank,Monmouth,"60 Broad Street, Red Bank, NJ, 07701",https://www.goodlifeorganickitchen.com/,-74.0655405,40.350105,c6e84e10-f4ef-4911-b926-6d1fc214e0b7
76,Shopping,L Studio,31 Monmouth Street,Monmouth,Red Bank,Monmouth,"31 Monmouth Street, Red Bank, NJ, 07701",https://www.lstudionj.com/,-74.06690851,40.3494988,2cbc7233-a3e6-4c98-a0cb-770aa4c4805f
77,Food,JR’s Red Bank,17 West Front Street,Front,Red Bank,Monmouth,"17 West Front Street, Red Bank, NJ, 07701",https://jrsdelivers.com/,-74.065923,40.351923,a7d52dfd-1300-463c-b7c7-b966bc9bd018
78,Shopping,Lucki Clover,20 Broad Street,Broad,Red Bank,Monmouth,"20 Broad Street, Red Bank, NJ, 07701",https://luckiclover.shop/,-74.065635,40.351455,2d65c00d-3d23-4b73-ab66-422a4e2fcb81
79,Food,Monmouth Meats,112 Monmouth Street,Monmouth,Red Bank,Monmouth,"112 Monmouth Street, Red Bank, NJ, 07701",https://monmouthmeats.com/,-74.07067177,40.34924837,ce30402c-ed78-45d1-83b3-dc30c14d996f
80,Food,Molly Pitcher Inn,88 Riverside Avenue,Riverside,Red Bank,Monmouth,"88 Riverside Avenue, Red Bank, NJ, 07701",https://themollypitcher.com/,-74.0730645,40.352993999999995,e12a060c-f764-4768-beb6-0385044a374f
81,Shopping,Monmouth Street Emporium,27 Monmouth Street,Monmouth,Red Bank,Monmouth,"27 Monmouth Street, Red Bank, NJ, 07701",https://www.monmouthstreetemporium.com/,-74.0666115,40.349367,d266c69c-50de-424b-9ff8-2d8ffbc3c292
82,Food,Red Bank Chocolate Shoppe,17 White Street,White,Red Bank,Monmouth,"17 White Street, Red Bank, NJ, 07701",https://redbankchocolateshoppe.com/,-74.0661795,40.350491999999996,2b306169-3510-416f-9e9b-a6c1fcf71f96
83,Attraction,Red Bank Artisan Collective,43 Broad Street,Broad,Red Bank,Monmouth,"43 Broad Street, Red Bank, NJ, 07701",https://redbankartisancollective.com/,-74.0652075,40.350708,680df9bb-5de7-4cd0-ac6b-c69e7c8cb0fa
84,Food,Red Tank Brewing,77 Monmouth Street,Monmouth,Red Bank,Monmouth,"77 Monmouth Street, Red Bank, NJ, 07701",https://www.redtankbrewing.com/,-74.06889653,40.34930933,ddebe377-a161-480d-8347-b33c2c4396aa
85,Attraction,Red Bank Public Library,84 West Front Street,Front,Red Bank,Monmouth,"84 West Front Street, Red Bank, NJ, 07701",https://www.redbanklibrary.org/,-74.069091,40.35159,8d677d74-7c70-45c2-9ee4-140028eca648
86,Shopping,Sorella Bella Boutique,27 Monmouth Street,Monmouth,Red Bank,Monmouth,"27 Monmouth Street, Red Bank, NJ, 07701",https://sorellabellaboutique.com/,-74.0666115,40.349367,d990799f-202d-47d2-aa5e-f72f0bc79821
87,Food,Teak,64 Monmouth Street,Monmouth,Red Bank,Monmouth,"64 Monmouth Street, Red Bank, NJ, 07701",https://teakrestaurant.com/,-74.0683215,40.349717999999996,eb9b0156-0c21-4758-bfee-b50ede49c9e5
88,Food,The Oyster Point Hotel,146 Bodman Place,Bodman,Red Bank,Monmouth,"146 Bodman Place, Red Bank, NJ, 07701",https://www.theoysterpointhotel.com/,-74.074257,40.355351999999996,d7bc687f-6b73-4ba5-995b-222c6e0a170e
89,Food,The Robinson Ale House,26 Broad Street,Broad,Red Bank,Monmouth,"26 Broad Street, Red Bank, NJ, 07701",https://therobinsonalehouseredbank.com/,-74.0658195,40.351257,d6b92069-1140-43b8-8746-1f1656d8d8e7
90,Food,Pico & Guac,"30 Cook Plaza, Madison NJ 07940",Cook,Madison,Morris,"30 Cook Avenue, Madison, NJ, 07940",https://www.picoandguac.com/,-74.4153892,40.75960953,396ea509-3db7-4e96-a904-3a32b763b65b
91,Attraction,Madison Community Arts Center,"10 Kings Rd. Madison, NJ 07940",Kings,Chatham,Morris,"10 Kings Road, Chatham, NJ, 07928",https://www.madisonartsnj.org/mcac/,-74.41833145,40.7603063,f2558c8d-d6da-48e5-94b0-c63041afd05e
92,Shopping,The Chatham Bookseller,"8 Green Village Road Madison, NJ 07940",Green Village,Madison,Morris,"8 Green Village Road, Madison, NJ, 07940",https://www.chathambookseller.com/,-74.41662213,40.75924743,fe4c969b-683d-457d-bdee-6973a24298b4
93,Shopping,STITCH Boutique,"12 Waverly Place Madison, NJ 07940",Waverly,Madison,Morris,"12 Waverly Place, Madison, NJ, 07940",https://www.shopstitchnj.com/,-74.41518634,40.7583213,0808ff68-15b8-4ea3-992f-3407f36e4fa8
94,Food,Shanghai Jazz Restaurant & Bar,"24 Main Street Madison, NJ 07940 ",Main,Madison,Morris,"24 Main Street, Madison, NJ, 07940",https://www.shanghaijazz.com/,-74.41615703,40.75970224,66688e1e-d766-4054-a4ce-1cd532a678c0
95,Shopping,Madison PhotoPlus,"40 Main St. Madison, NJ 07940",Main,Madison,Morris,"40 Main Street, Madison, NJ, 07940",https://madisonphoto.com/,-74.41553542,40.75947975,e8839c40-d26a-4d88-80b8-05e76e8acb9b
96,Attraction,Museum of Early Trades & Crafts,"9 Main St, Madison, NJ 07940",Main,Peapack-Gladstone,Morris,"9 Main Street, Peapack, NJ, 07977",https://metc.org/,-74.41683203,40.75957091,841da23a-c81c-4e3d-b8c2-cb25db7cc021
97,Food,Harvest Bistro,"50 1/2 Main St.
Madison, NJ 07940",Main,Madison,Morris,"50 1/2 Main Street, Madison, NJ, 07940",https://www.harvestbistronj.com/,-74.41535481,40.7591438,29d46a2a-4ba7-4599-a093-a7142f84553c
98,Shopping,Tons of Toys,"64 Main St Madison, NJ 07940",Main,Madison,Morris,"64 Main Street, Madison, NJ, 07940",https://tonsoftoys.com,-74.41494906,40.75889766,6d8a8fd7-7014-4e55-842d-4163bf7ef664
99,Attraction,Crafted in Madison,"41 Kings Road, Madison NJ 07940",Kings,Madison,Morris,"41 Kings Road, Madison, NJ, 07940",https://www.craftedinmadison.com/,-74.4164704,40.75818508,615af2bb-c9a0-4208-a96f-7e6996d643a4
100,Attraction,Beneath the Surface Spa,"19 Waverly Pl, Madison NJ 07940",Waverly,Madison,Morris,"19 Waverly Place, Madison, NJ 07940 ",https://beneaththesurfacespa.com/,-74.41604756,40.75847271,3ff74e17-2c4e-4f11-be58-edb08c1a559e
101,Shopping,Hilltop Bicycles NJ,"14a Kings Rd
Madison, NJ 07940",Kings,Madison,Morris,"14 Kings Road, Madison, NJ, 07940",https://hilltopbicyclesnj.com/,-74.41760117,40.75962765,2dfcf7a5-441e-4aa9-a666-029123056bbf
102,Food,The Hidden Chickpea,"143 Main St, Madison, NJ 07940",Main,Madison,Morris,"143 Main Street, Madison, NJ, 07940",http://thehiddenchickpea.com/,-74.41075642,40.75594275,6246d4ea-e8b1-4aa8-96ae-28cd5698fc37
103,Attraction,Healthy Italia - La Buona Cucina,"55 Main Street, Madison NJ 07940",Main,Madison,Morris,"55 Main Street, Madison, NJ, 07940",https://healthy-italia.com/,-74.41554892,40.75884975,c7dd4c7d-3913-4667-b330-23102ce9d787
104,Food,Noon Tea Creperie,"57 Main St, Madison, NJ 07940",Main,Madison,Morris,"57 Main Street, Madison, NJ, 07940",https://www.noonteacreperie.com/,-74.4154197,40.7588512,de4755cc-ab1e-4437-90ba-1b9e8cb75abe
105,Food,Butter & Jam,"30 Cook Plaza, Madison NJ 07940",Cook,Madison,Morris,"30 Cook Avenue, Madison, NJ, 07940",https://butterandjamcafe.com/,-74.41553622,40.7596886,6bb6359b-28b8-4631-a69f-3f003e435447
106,Shopping,The Snooki Shop,"32 Main Street Madison, NJ 0794",Main,Madison,Morris,"32 Main Street, Madison, NJ, 07940",https://thesnookishop.com/,-74.41593178,40.75950736,464520a4-562c-42e4-bcc4-461aad1c1199
107,Food,Sugarlips Donuts,"145 Main St, Madison, NJ 07940",Main,Madison,Morris,"145 Main Street, Madison, NJ, 07940",https://www.sugarlipsdonuts.com/,-74.41060755,40.75588801,2a2e0abd-ac4c-4bdb-8a88-b27ac1703cb5
108,Shopping,The Nature of Reading Bookshop,"22 Main St. Madison, NJ 07940",Main,Madison,Morris,"22 Main Street, Madison, NJ, 07940",https://www.thenatureofreading.com/,-74.41632902,40.75974693,b928e031-4a39-4b12-a4ea-51bff86f5050
109,Shopping,The Pink Pear,"42 Main Street , Madison, NJ 07940",Main,Madison,Morris,"42 Main Street, Madison, NJ, 07940",https://shopthepinkpear.com/,-74.41566544,40.75934189,f773cdc1-facb-49cc-b835-4cc785fc506d
110,Café,Sunday Motor Co Café,"27 Kings Road Madison, New Jersey 07940",Kings,Madison,Morris,"27 Kings Road, Madison, NJ, 07940",https://www.sundaymotorco.com/,-74.41744792,40.75928175,7b8eb0d3-103d-4ab1-b04c-05085b4d1703
111,Food,Madison Market,"17 Greenwood Ave, Madison, NJ 07940",Greenwood,Madison,Morris,"17 Greenwood Avenue, Madison, NJ, 07940",https://madisonmarket.com/,-74.41194865,40.75806928,3a3e791c-05df-4470-b634-701ccf7f35d3
112,Food,Tino's Artisan Pizza Co,"6 Main Street Madison, NJ 07940",Main,Madison,Morris,"6 Main Street, Madison, NJ, 07940",https://madison.nojunkpizza.com/,-74.41657081,40.7602129,89cd9608-ebd7-4211-892e-39a2b30a7d8f
113,Shopping,The Blue Purl,"60 Main St. Madison, NJ ",Main,Madison,Morris,"60 Main Street, Madison, NJ, 07940",https://www.thebluepurl.com/,-74.41506196,40.75896344,aa0365b3-18d6-4e03-b03a-cec02da0562a
114,Food,54 Main Bar & Grille,"54 Main St
Madison, NJ 07940",Main,Madison,Morris,"54 Main Street, Madison, NJ, 07940",https://www.54mainst.net/,-74.41517403,40.75903005,a6292fb7-34a6-4c87-be86-fbeeef9a9a2c
115,Shopping,Red Bank Antique Center,195 West Front Street,West Front,Red Bank,Monmouth,"195 West Front Street, Red Bank, NJ 07701",https://www.antiquecentersofredbank.com/,-74.07390181,40.3507644,4251ea81-e2fd-440a-8511-60ee84eee43f
116,Food,Prato Bakery,296 Palisade Avenue,Palisade,Jersey City,Hudson,"296 Palisade Avenue, Jersey City, NJ 07307",https://pratobakery.com/,-74.04091309,40.74954766,f3f8b877-43eb-46a7-98a3-6a525db8f7df
117,Shopping,Red Bank Antique Center,226 West Front Street,West Front,Red Bank,Monmouth,"226 West Front Street, Red Bank, NJ 07701",https://www.antiquecentersofredbank.com/,-74.07510759,40.35106837,f1f52dbf-34aa-4468-ae38-480ddb8ee47e
118,Food,Healy's Tavern,374 Newark Ave,Newark,Jersey City,Hudson,"374 Newark Avenue, Jersey City, NJ 07302",https://www.healystavernjc.com/,,,82d14f73-848b-43a9-9217-7cb5b10cf9ea
119,Shopping,Busy Bee Organics,451 Palisade Ave,Palisade,Jersey City,Hudson,"451 Palisade Ave, Jersey City, NJ 07307",https://busybeeorganics.com/,,0,2cc1b2a9-72b4-461d-9c7d-d9a763e544d0
120,Food,Loradella's Family Pizzeria,126 River Dr,River,Jersey City,Hudson,"126 River Dr S, Jersey City, NJ 07310",https://loradellas.com/,,,0898959c-1b89-462e-826c-ef98bc1f139c
121,Shopping,Soled Out,366 Central Ave,Central,Jersey City,Hudson,"366 Central Ave, Jersey City, NJ 07307",https://soledoutjc.com/,,,b01ab9e1-ba25-4a9e-a179-0d6891006dde
122,Food,Ed & Mary's,174 Coles St,Coles,Jersey City,Hudson,"174 Coles St, Jersey City, NJ 07302",https://www.edandmarys.com/,,,b6b35c98-979b-4617-89df-d59fbc78d43a
123,Food,The Lucky Honeybee,487 Palisade Ave,Palisade,Jersey City,Hudson,"487 Palisade Ave, Jersey City, NJ 07307",https://www.theluckyhoneybee.com/,,,e40c8da9-e5fe-4b3b-8664-4868fea1e984
