OBJECTID,COUNTYNBR,NAME,COUNTYSEAT,SHORTDESC,UPDATED,FIPS,ENTITYNBR,SALESTAXID,IMSCOLOR,MINNAME,POPLASTCENSUS,POPLASTESTIMATE,UGRCODE,GNIS,GlobalID,Shape__Area,Shape__Length
1,03,Newton,0,NEWTON,1603152000000,54550,3100,047,2, ,789,815,NWT,1430705,e85ed367-8055-42ef-b38c-5593bd644868,4009108.734375,8948.894827487957
2,12,Eureka,0,EUREKA,,24080,3010,009,2, ,662,657,EUR,1437974,1640b6ac-0d16-4d94-a174-0220ce6c78ac,6387833.85546875,12832.36612660116
3,29,Huntsville,0,HUNTSVILLE,1714608000000,37060,3030,019,4,Huntsville,573,593,HVL,1428949,8a845570-1f07-4031-8e34-823e2992da8a,14333320.914758682,24584.998374753526
4,27,Springdale,0,SPRINGDALE,,71840,3100,023,2,Springdale,514,576,SPD,1432867,f28b885b-560c-4a40-9022-268c73a2363e,18782625.86328125,23966.386567899826
5,23,Grantsville,0,GRANTSVILLE,1644278400000,31120,3010,023,2, ,12617,14417,GRA,1428338,c16bce7d-8e78-46c4-88b7-2a494167a202,183522345.85751247,112936.76197271892
6,18,Bluffdale,0,BLUFFDALE (SL CO),1542240000000,06810,3020,019,4,,17014,19080,BDL,1425844,8da0e063-8244-437f-ba72-973081ae6faf,46710621.67095566,38425.71791060092
7,19,Blanding,0,BLANDING,1716508800000,06370,3010,002,1,Blanding,3394,3229,BLA,1438903,584a19fd-5d6f-47e2-b71b-e4c5c7cb7974,54719927.7265625,69639.6525896717
8,18,Herriman,0,HERRIMAN TOWN,1644192000000,34970,3035,060,1, ,55144,59179,HER,1428675,df004a22-6b45-4c4c-ae73-3c919f699988,103638384.7452855,77262.5743921389
9,12,Levan,0,LEVAN,1332115200000,44650,3020,019,3, ,862,892,LEV,1442564,c58a0ff9-b9d7-4ff1-acc1-0e89ca8e9416,3482854.30859375,8700.356525034887
10,09,Panguitch,1,PANGUITCH,1697155200000,57740,3070,011,4,Panguitch,1725,1785,PAN,1444170,86d9988c-8f46-4821-9c0d-f3462ea35f0d,13458716.48476839,28457.655370857156
11,11,Cedar City,0,CEDAR CITY,1779235200000,11320,3020,003,1,Cedar City,35235,38692,CDC,1426441,25b0ad91-b0f6-4d56-bbec-878430dee6c4,151314001.1015625,149138.53128336798
12,23,Vernon,0,VERNON,1372118400000,80200,3060,050,1, ,256,286,VNN,1446932,cae40a39-500c-4f85-b460-11e37a49ab1f,35736573.640625,31726.46936711227
13,03,Clarkston,0,CLARKSTON,1281571200000,13190,3020,014,3, ,749,763,CLK,1426671,6403724d-e73f-4693-ab3d-8eff6eb3ccbc,4329011.02734375,10943.664366415593
14,18,Taylorsville,0,TAYLORSVILLE CITY,1410739200000,75360,3105,142,4,Taylorsville,60448,57879,TAY,1433206,10f705a2-5e14-4482-9b1f-a72a181145c2,48863547.41015625,38214.22189634848
15,29,North Ogden,0,NORTH OGDEN CITY,1776643200000,55100,3040,026,3, ,20916,21855,NOG,1443962,47d36d69-61f9-433c-812f-4a99a3cbb739,35312528.596572876,53261.323225791784
16,20,Mount Pleasant,0,MOUNT PLEASANT CITY,1410825600000,53010,3100,024,3, ,3655,3820,MTP,1430522,a5eb25ea-361d-47bb-89b9-8d3ecd84957b,12789364.546875,22777.86765567053
17,21,Central Valley,0,CENTRAL VALLEY,1716508800000,12260,3015,007,2,,647,671,CVY,1439625,b3abbbf1-a2d4-48ae-9c3a-8ceaf1154d6c,8957344.29296875,28332.03227571801
18,25,Cedar Fort,0,CEDAR FORT,1454889600000,11430,3030,019,4, ,427,420,CDF,1455091,78b1152a-a0bf-4a6d-a3ec-ffd76fb342fd,94447867.79296875,49141.91621301088
19,05,Manila,1,MANILA,1291248000000,47620,3010,006,3,Manila,308,339,MAN,1443126,3943bf4d-66a0-4331-8566-7c1a3d533164,4707733.14453125,10592.692099949163
20,12,Nephi,1,NEPHI CITY,1771804800000,54220,3040,026,4,Nephi,6443,6840,NEP,1443793,0bc63aee-2d66-41ec-83b0-96e05cc1bbf1,24379214.50390625,42635.892496447275
21,27,Enterprise,0,ENTERPRISE,1624406400000,23420,3010,005,3, ,2027,2264,ENT,1440940,66735fa1-9c2b-412f-a29e-caf550e2a368,36115522.6640625,42920.93797323783
22,29,West Haven,0,WEST HAVEN,1623024000000,82930,3130,051,3, ,16739,22395,WHV,1455859,77af0ede-a8d0-4d68-80c8-aac7403a44df,49383587.87109375,56512.026497652885
23,29,Farr West,0,FARR WEST CITY,1694649600000,24850,3010,012,3, ,7691,8027,FRR,1441012,e70a6b0b-8cc7-48e9-8871-9a6561897775,27110498.953125,28412.08092312667
24,25,Genola,0,GENOLA,,28810,3060,038,2, ,1548,1585,GEN,1441295,a932416d-bc32-4739-b3c2-5c191cbe4c78,62739124.8359375,53197.431512506366
25,25,Vineyard,0,VINEYARD,1538092800000,80420,3195,117,2, ,12543,14535,VIN,1449150,1f84f181-cb59-46f6-b164-aa8cb3930401,28431374.546875,31272.80201516058
26,27,St. George,1,ST GEORGE CITY,1694736000000,65330,3080,020,2,St. George,95342,102519,STG,1455098,5b500adf-ac52-4b36-9515-652daace9bae,315695397.74516296,125589.49541016262
27,18,Midvale,0,MIDVALE,1410739200000,49710,3040,093,1, ,36028,35637,MID,1430307,391befe8-5146-4542-ae18-50b78a09010b,26352703.9296875,30626.207427852736
28,02,Tremonton,0,TREMONTON,1644278400000,77120,3150,113,3,Tremonton,9894,11840,TRM,1433664,de061178-4723-4909-8f9a-4c8a2c8b05fe,40333590.80859375,66923.99148210729
29,09,Cannonville,0,CANNONVILLE,1771200000000,10330,3030,004,1, ,186,193,CAN,1426344,d5063a88-c410-4066-990f-11d6226273e5,15165288.60546875,44912.00210605303
30,11,Brian Head,0,BRIAN HEAD CITY,1292371200000,08020,3010,028,3, ,151,155,BHD,1448176,75ab3fe6-f980-4d60-9296-24444f29611f,26913775.234375,27107.389976325463
31,25,Springville,0,SPRINGVILLE,1751846400000,72280,3190,106,2, ,35268,35832,SPV,1446057,3b1c3873-1181-4f5d-889c-9104ca600fa2,64485743.57170105,57960.61233364039
32,17,Garden City,0,GARDEN CITY,1431648000000,27930,3010,001,2,Garden City,602,629,GCY,1428133,2e3ea7dc-8385-47d3-99a1-88bfc4751434,40980400.3515625,59775.4013914199
33,18,Murray,0,MURRAY,1410739200000,53230,3050,096,2,Murray,50637,49463,MUR,1443742,59f4f187-5b65-4b12-8b23-69c8572d4707,55690325.05506897,42480.820129523585
34,14,Fillmore,1,FILLMORE,1754611200000,25510,3020,014,2,Fillmore,2592,2643,FIL,1441039,1d4828cd-d9b6-4e1b-8c4b-00235b0d09d5,32135222.93359375,46005.457828760926
35,06,Centerville,0,CENTERVILLE,,11980,3020,006,1, ,16884,16502,CEN,1439622,3135f499-7939-4e0b-b6a0-d608764740b3,27258386.7890625,31951.941080904904
36,23,Wendover,0,WENDOVER,1472083200000,82730,3070,052,4,Wendover,1115,1135,WEN,1434042,3b3a13cf-2663-4f9b-953f-d046e4842598,40301885.81640625,31267.16857366056
37,22,Park City,0,PARK CITY (SUMMIT CO),1758844800000,58070,3060,013,1,Park City,8396,8374,PKC,1444206,8bcaec6a-f27a-4ebe-8516-d772b558d734,98406494.5657196,65647.71644477586
38,12,Rocky Ridge,0,ROCKY RIDGE TOWN,1332115200000,64590,3080,030,4, ,848,951,RKR,1865575,3900a029-095c-402a-82db-613915235cb1,7470797.375,16681.34406838134
39,05,Dutch John,0,DUTCH JOHN CITY,1439164800000,20780,3005,,1,Dutch John,141,149,DUT,1440738,ad7d651a-f988-4848-aba8-5dfbc22bef69,28557589.88671875,23388.353995407113
40,02,Howell,0,HOWELL CITY,1337904000000,36620,3090,057,2, ,240,235,HOW,1437591,1a8a262a-d0d1-4e2a-932a-094bd733747e,165193811.4609375,52336.67222149624
41,20,Wales,0,WALES,1285545600000,80860,3130,033,4, ,338,357,WAE,1446954,fef8be56-8d9b-451e-969e-3032af8fd219,1726848.36328125,5543.088899204811
42,28,Loa,1,LOA,1783900800000,45530,3020,007,4,Loa,516,527,LOA,1442822,4f9d035a-795f-45c7-a5eb-7bd34a9a54f9,4016032.5039744377,9995.19736785681
43,27,Ivins,0,IVINS TOWN,1579219200000,38710,3040,010,4, ,8978,10012,IVI,1429067,510c2c20-871e-43fc-b0ff-a392b4989b28,38739901.7808435,43042.459401832806
44,02,Deweyville,0,DEWEYVILLE,1708646400000,19680,3040,032,4, ,417,430,DEW,1455092,7911b7a6-66bb-4728-b882-557a1af1c5ea,29612211.0625,37671.6420263499
45,20,Gunnison,0,GUNNISON,1285545600000,32660,3060,014,2, ,3509,3550,GUN,1428432,f9895245-9c98-4de5-b94b-81e4708581e1,20663409.16015625,21394.58042399175
46,08,Ferron,0,FERRON,1644451200000,25180,3060,009,2, ,1474,1514,FER,1441026,31e99e50-0911-41fc-b561-548ad584fb58,10117824.16330719,35710.492789734926
47,25,Lehi,0,LEHI,1766966400000,44320,3090,066,3,Lehi,75907,84373,LEH,1442553,8a5755b2-1007-4280-88db-84fd9a5fa585,137742779.35446858,132704.85893176813
48,03,Cornish,0,CORNISH,1323907200000,15940,3030,017,1, ,274,276,CSH,1437533,9979d510-b8ac-4c89-8420-0ba43d558334,25300324.84375,31836.301763468946
49,20,Fairview,0,FAIRVIEW,1293408000000,24630,3030,009,2, ,1203,1262,FVW,1440983,3182c4f1-e034-42d6-a6a3-b18f195068e5,5505277.449162483,10862.899633457646
50,25,Elk Ridge,0,ELK RIDGE,1588291200000,22370,3050,124,2, ,4687,4907,ELK,1455857,79a53fa3-59a1-4709-b3bf-48aabc2cc285,12932997.251091003,28146.677511840644
51,08,Clawson,0,CLAWSON,1388707200000,13300,3020,003,3, ,162,170,CLW,1426675,7c55bead-9b64-4314-9352-058d1c7198cc,4312614.30859375,16508.714446298654
52,29,Plain City,0,PLAIN CITY,1647820800000,60710,3060,030,2,Plain City,7833,,PLN,1444471,7c438867-98e8-45fc-8306-add0ef04036d,56227868.453125,62063.866383129134
53,18,Holladay,0,CITY OF HOLLADAY,1413331200000,36070,3036,065,1,Holladay,31965,30816,HOL,1441810,a02e42f0-bf27-4d05-8606-79dd2250259d,38250596.390625,32839.586825757004
54,27,Washington,0,WASHINGTON CITY,1778198400000,81960,3130,027,1, ,27993,32709,WAS,1447019,b57402b1-19ee-4942-b5c8-29b979af0b51,175917788.44984436,107244.0613868549
55,20,Fayette,0,FAYETTE,1285545600000,25070,3040,010,2, ,245,260,FAY,1427897,22d6178f-67bd-480a-b233-2637f4167ec2,1705069.76953125,6114.78690533239
56,17,Woodruff,0,WOODRUFF,1510876800000,85260,3040,010,4,Woodruff,169,177,WDR,1434462,8794d4ff-ffe3-43e0-9d13-f950774f0664,3313525.01171875,10342.831397288603
57,06,Fruit Heights,0,FRUIT HEIGHTS,1697500800000,27490,3060,010,2, ,6101,5971,FRU,1441248,a1c318e3-2f37-405a-a62c-498d5a65d0bd,10522455.53515625,19142.31534244383
58,02,Portage,0,PORTAGE,1337904000000,61590,3130,092,1, ,273,288,POR,1681817,f95ecd4f-b85d-4604-a950-12832f362c3f,12000870.80859375,24986.01319140074
59,04,Wellington,0,WELLINGTON,1778716800000,82510,3060,053,3, ,1605,1625,WEL,1434038,a72b95ba-863f-4760-899a-3e7fdba2ee57,22491898.6484375,60161.198193943674
60,13,Orderville,0,ORDERVILLE,1332374400000,57080,3050,007,2, ,598,592,ORD,1431023,84476eb8-4760-4d78-956d-576c82ee9bd6,38538921.1640625,45676.291739088025
61,25,Saratoga Springs,0,SARATOGA SPRINGS,1772755200000,67825,3075,098,1, ,37696,49354,SAR,1437677,0fb61e6e-5272-40a8-9755-218df2b90607,114146941.96484375,96291.63737442739
62,25,Salem,0,SALEM,1784246400000,65770,3160,096,4, ,9298,10393,SLM,1445262,086ae412-f860-44fc-8c5f-31e0da209462,53723281.33263016,71200.46365707737
63,13,Big Water,0,BIG WATER,,05534,3020,010,1,Big Water,449,487,BGW,1455970,d2c899e4-8f87-49e3-a200-46b5c367a924,24423887.45703125,24211.153660462827
64,23,Rush Valley,0,RUSH VALLEY TOWN,1372118400000,65240,3030,056,4, ,431,477,RUS,1699809,192ed296-3397-4457-8534-3f4405dc868f,80814195.4140625,46681.18997268698
65,27,Hurricane,0,HURRICANE CITY,1602201600000,37170,3030,008,4,Hurricane,20036,23077,HUR,1428951,fee223d1-a0cb-43b8-b474-65e5d6d0530a,218242045.25448704,108321.0574336887
66,06,South Weber,0,SOUTH WEBER,1783900800000,71180,3100,045,2, ,7867,8124,SWE,1445935,a8c5d791-5946-4c1e-bb0b-09e62b61e548,21605806.722866744,32922.25522752706
67,02,Bear River City,0,BEAR RIVER CITY,1337904000000,03950,3010,004,3, ,877,878,BRC,1438487,dab75fac-42bf-407e-9541-acac5a34020e,8331231.05859375,16873.43587163218
68,27,Rockville,0,ROCKVILLE,,64560,3075,019,4, ,226,224,RKV,1431946,0ee92915-066f-4ebb-add9-eacacf7aca2f,34569310.14453125,43706.337012598364
69,24,Ballard,0,BALLARD,1354233600000,03345,3010,028,1, ,1131,1191,BAL,1455969,217d803a-2855-4e41-aca6-69345ac9b476,62175667.7421875,34618.01645246557
70,27,Santa Clara,0,SANTA CLARA CITY,1765152000000,67660,3090,021,3, ,7553,8123,SCL,1432234,7b4ed8a3-7ac1-4cd4-93bc-87e455fc66b2,25096671.5625,26367.50042461394
71,03,Smithfield,0,SMITHFIELD,1660867200000,69640,3170,062,3, ,13571,14425,SMI,1445709,e290cf4c-2bc7-47cb-a207-1d28285b4a94,28146506.31162834,31507.120528359203
72,12,Santaquin,0,SANTAQUIN CITY (JUAB CO),1332115200000,67770,3090,097,1, ,13725,16898,SAQ,1445329,081bce75-8f3b-4c24-af22-d2b838ad3517,882490.40234375,4023.9805527106764
73,22,Kamas,0,KAMAS,1754611200000,39810,3040,022,3,Kamas,2092,2185,KAM,1442266,93c50c62-8da6-44c4-a0d2-6e0d41e5d6d1,19477667.86490822,34625.818909044545
74,03,Wellsville,0,WELLSVILLE,1777420800000,82620,3190,076,4, ,4060,4137,WLV,1447103,2509b7d7-301b-4bf4-8674-9b53a8124531,34173111.53500366,65725.95748279577
75,08,Emery,0,EMERY,1332720000000,22870,3050,008,1, ,307,315,EMY,1440926,b35db6f8-c648-4b76-9139-138d83523603,5260972.19921875,16561.31714189999
76,03,Mendon,0,MENDON,1753833600000,49160,3080,041,3, ,1339,1335,MEN,1450429,617cf176-b920-477a-8d66-cb7fa3823b6b,7454065.66015625,25363.778048521068
77,14,Delta,0,DELTA CITY,1701388800000,18910,3010,010,1,Delta,3622,3724,DEL,1427334,5f1da9f9-5239-42c0-891a-92dd5e4c34c6,37927798.359375,57707.61039581623
78,21,Aurora,0,AURORA,1678752000000,02740,3020,002,1, ,984,1030,AUR,1438307,c021406a-4863-4ce6-b1f6-15c3f9063fdc,4004220.234375,12425.684253838532
79,06,West Point,0,WEST POINT,1758067200000,83390,3140,056,1, ,10963,11892,WPT,1434108,ec3315bf-8934-4472-aae3-3a58f823f556,34964249.432608604,38715.599450139525
80,14,Kanosh,0,KANOSH,1705017600000,40250,3050,026,3, ,508,511,KNS,1442277,cfc03211-745c-41dc-8ae9-0fd1ef8862d7,3248543.453125,8982.249756787938
81,02,Elwood,0,ELWOOD,1676332800000,22760,3050,035,2, ,1173,1249,ELW,1427809,d7eab6ea-ca91-4524-acd4-22775efac897,40201506.443748474,58763.131055988226
82,28,Torrey,0,TORREY,1628035200000,77010,3040,010,2,Torrey,231,257,TOR,1446658,ce1acaf3-c04c-4e6f-b45f-6c37c2b38970,7242658.1484375,16657.949984965308
83,02,Plymouth,0,PLYMOUTH,1441929600000,61260,3120,090,4, ,427,433,PLY,1444488,e213b659-2a5a-4a7a-8751-3f6fc4d67443,4076921.8046875,21371.62556823175
84,27,Toquerville,0,TOQUERVILLE CITY,1498694400000,76900,3110,024,2,Toquerville City,1870,1960,TOQ,1446655,b965d7de-607c-4657-a836-046276c61a3c,90891976.66796875,69344.5341503793
85,01,Minersville,0,MINERSVILLE,1333324800000,50590,3030,009,3,Minersville,807,855,MNR,1430376,58d67108-93a4-4ba1-8717-633fdd33a813,9163569.671920776,29659.06908724924
86,08,Huntington,0,HUNTINGTON,1375660800000,36950,3070,012,2,Huntington,1914,1970,HTN,1428946,71264b7b-36fe-4a14-9c90-4af3bad1de15,9790486.78515625,18679.871553102777
87,21,Joseph,0,JOSEPH,1283212800000,39370,3050,025,2, ,288,301,JOS,1442224,38f223b8-0d3e-4482-a36b-f006de09ed1f,3696463.546875,8330.324549300185
88,25,Orem,0,OREM,1604448000000,57300,3120,083,1,Orem,98129,95910,ORE,1444110,5d3cf74b-26fe-4fad-9c66-a1516b070108,83085887.42750837,64326.8543760872
89,03,Paradise,0,PARADISE,1644451200000,57850,3130,053,2, ,971,1014,PRD,1444178,c2db69a4-0700-4904-87fa-a08edd82391e,6712506.359375,14167.541250056225
90,23,Stockton,0,STOCKTON,1372118400000,73050,3040,046,2, ,621,623,STK,1432990,cf8a7df5-cf21-4394-b9db-d67d3f88cbf0,7577490.35546875,14222.930965470458
91,09,Bryce Canyon City,0,BRYCE CANYON CITY,1292371200000,08787,3015,003,3,Bryce Cyn,336,332,BRY,1439206,3ad2dd34-78b1-4043-ab99-9033ac57e0c9,13874725.65625,24229.60928221271
92,07,Myton,0,MYTON,1282521600000,53340,3030,017,4,Myton,561,560,MYT,1430626,2dad0340-70ae-4707-9eef-dc4f18c19c6e,4508986.046875,9323.758268779513
93,25,American Fork,0,AMERICAN FORK,1699920000000,01310,3020,002,1,American Fork,33337,37268,AFK,1438194,3bf542b4-b872-44ee-9a4d-d7f478f5bbff,51170399.71859312,88442.90074008057
94,25,Mapleton,0,MAPLETON,1525651200000,47950,3110,073,3, ,11365,12999,MAP,1443189,b54bdebe-ad93-41fd-8214-88e3eee16099,59136289.08323288,39736.6317209361
95,11,Paragonah,0,PARAGONAH,1665014400000,57960,3050,018,4, ,536,568,PGH,1431094,3a9edaed-f18e-4532-afa1-461a8ea22960,2696555.62890625,14415.294687212769
96,09,Henrieville,0,HENRIEVILLE,1292371200000,34750,3060,008,2, ,221,231,HRV,1428663,e7bb8864-880c-4fb6-a586-c32848aa2503,5516872.59765625,11190.971486721102
97,08,Elmo,0,ELMO,1772755200000,22540,3040,007,2, ,405,415,ELM,1427806,e9e9b885-1830-485f-8472-aa13bf703227,3174904.01171875,10413.27036488614
98,29,Ogden,2,OGDEN CITY,1616112000000,55980,3050,027,1,Ogden,87321,86825,OGD,1444049,099e187a-e868-4efe-b4f2-ef9d2c50153b,125988778.16234401,82449.10953375087
99,02,Perry,0,PERRY CITY,1337904000000,59390,3110,086,3, ,5555,5828,PER,1455150,727b8c2c-9cac-4134-a435-14e84185ca13,37342575.35546875,33509.4128634196
100,29,South Ogden,0,SOUTH OGDEN,1676419200000,70960,3100,040,1, ,17488,17716,SOG,1445910,cf8fa2d9-eb97-471c-b8ae-0030c5fdcebc,17907824.185310364,29010.917266259275
101,03,Millville,0,MILLVILLE,1764028800000,50370,3090,044,2, ,2326,2435,MIL,1443496,05c5c967-912c-4e4b-af4d-048e7cb835ab,11917700.4609375,29297.830635995255
102,18,Riverton,0,RIVERTON,1571961600000,64340,3060,118,2, ,45285,44599,RVT,1431862,57649389-4039-46b0-8f43-bcc46243fd12,56551782.40686798,45927.74872515708
103,18,Cottonwood Heights,0,COTTONWOOD HEIGHTS,1765324800000,16270,3025,020,2,,33617,32420,COT,1440025,27892964-07d0-42a5-9a5b-ec8546fec27a,42564117.03385162,40480.19353492553
104,14,Hinckley,0,HINCKLEY,1675209600000,35740,3030,023,2, ,614,630,HIN,1428726,a623a163-7915-47d5-a775-3b808708cd6a,21743353.9140625,22588.870162661
105,07,Tabiona,0,TABIONA,1602201600000,74920,3050,020,4,Tabiona,143,153,TAB,14331156,ed89de3b-7c95-4c50-a65b-dc4a7c12fb12,621671.0234375,3748.399467623537
106,14,Meadow,0,MEADOW,,48830,3080,034,1, ,320,347,MEA,1430198,e4a9ff1e-9b79-4bb6-a7d1-9c5d9b95b62a,2196271.2578125,9945.726501799716
107,18,Brighton,0,BRIGHTON,1577923200000,08570,3022,18010,2,Brighton,432,441,BRT,1439115,0f0a767b-5b6d-472f-aade-7f6e487ff467,71423836.3125,45642.20670710119
108,24,Naples,0,NAPLES,1327881600000,53560,3020,014,2, ,2280,2399,NAP,1430636,fce61ab1-0036-4988-9d08-1f948c948534,29556561.8515625,29803.278867181838
109,29,Hooper,0,HOOPER,1528848000000,36400,3025,018,2, ,9087,9300,HOO,1428807,a76a399d-22f5-43fd-a9dc-184971d9cb3d,402401737.79296875,115414.29722761057
110,03,North Logan,0,NORTH LOGAN,1777334400000,54990,3120,049,1, ,10986,11616,NLO,1443956,1437d48c-f3bf-4486-9e29-f2e0fd63107e,33225450.635326385,31545.098929966087
111,25,Alpine,0,ALPINE,1504224000000,00540,3010,001,4, ,10251,10304,ALP,1438174,36c526c7-b123-489e-b2c1-e18fee3ab300,35743221.273742676,34232.241033193415
112,06,Sunset,0,SUNSET,1327881600000,74480,3110,048,2, ,5475,5372,SUN,1451459,56a93f62-0b91-4bfc-9d52-e7f9b5903015,6703787.10546875,11531.104042034645
113,03,Hyde Park,0,HYDE PARK CITY,1777334400000,37390,3040,032,2, ,5234,5584,HYD,1441964,3f259347-b1d5-4c4a-8d48-e539970b4a02,22385542.65097809,32820.821256862684
114,22,Francis,0,FRANCIS,1775520000000,26940,3020,013,2, ,1564,1722,FRA,1428080,6f348885-4757-4e99-882d-53a81215d34a,18190976.381648958,51605.685079028066
115,06,Clearfield,0,CLEARFIELD,1418774400000,13850,3030,008,4, ,31909,34062,CLR,1439799,ce4d26b8-b762-410a-a6e6-9978b6e1f2b3,35244679.420784,31879.88641174326
116,21,Monroe,0,MONROE,1564963200000,51360,3070,031,3, ,2515,2615,MRO,1443556,60be9644-06fa-4abe-a197-6edb1ca680eb,15174186.84765625,17590.555158940457
117,18,Draper,0,DRAPER CITY (SL CO),1709164800000,20120,3030,029,1,Draper City,51017,50731,DRA,1427473,0b743149-796c-4e3d-8acd-e526bf2868da,98541620.01518536,65161.60360420181
118,27,Leeds,0,LEEDS,1300838400000,44100,3060,012,1, ,864,871,LEE,1442480,65f3bc83-113d-4e0f-8e79-a11a55ba3775,25764132.23828125,56051.23245785941
119,13,Alton,0,ALTON,,00870,3010,001,4, ,118,117,ALT,1438182,0b20124b-e4c7-4bca-9df8-4de4f3dc3b44,9554227.359375,21713.474045201354
120,20,Centerfield,0,CENTERFIELD,1433808000000,11870,3010,004,1, ,1341,1398,CFD,1426506,03a37809-a858-4234-987e-727ede732a42,8221643.55859375,11547.070437592645
121,14,Lynndyl,0,LYNNDYL,,46740,3070,030,2, ,111,124,LYN,1430025,a7aa7a79-0990-433b-be11-56c925cdc8c8,13645401.26953125,21155.815602380386
122,06,West Bountiful,0,WEST BOUNTIFUL,1606694400000,82840,3130,061,2, ,5917,5888,WBO,1447113,bd5b6db7-1806-4dd0-bd2e-99f899ccaf6c,15093115.203125,23156.37356324253
123,08,Cleveland,0,CLEVELAND,1673222400000,14070,3030,004,1, ,497,510,CLE,1426712,d2058dcf-b173-43a5-8d4f-c026747845d5,3879035.21875,12015.076482348224
124,29,Washington Terrace,0,WASHINGTON TERRACE,1443744000000,82070,3120,049,4, ,9267,9160,WTR,1447026,55707fce-46a7-47a9-8559-76a399c68f2f,9201901.587020874,17904.485476792048
125,19,Bluff,0,BLUFF,1777334400000,06700,3015,19,4,Bluff,240,243,BLF,1425842,04e862b2-19e4-4868-9cdc-977536282182,117650330.81860352,88463.17285862884
126,29,Harrisville,0,HARRISVILLE,1628035200000,33540,3020,016,4, ,7036,6876,HAR,1441617,49058061-c24f-4d31-9f4a-13f249794a05,13699796.79296875,23944.762624918934
127,09,Boulder,0,BOULDER,1292371200000,07470,3020,002,1,Boulder,227,241,BLD,1437510,402d0090-cbfa-4d09-a8b7-dd6ec3e57f2d,87335457.32421875,49048.10785667523
128,07,Roosevelt,0,ROOSEVELT,1668470400000,64670,3040,019,3,Roosevelt,6747,7097,ROS,1431989,82e67a50-f7de-426b-9e83-ff58192e239b,32195354.405792236,77153.89689878652
129,22,Coalville,1,COALVILLE,1531180800000,14840,3010,006,1, ,1486,1524,COA,1426770,edc461c9-14d8-4c73-8d59-c73b714bba91,30033749.58984375,39947.262406285634
130,21,Redmond,0,REDMOND,1283212800000,63240,3080,033,2, ,762,796,RED,1444843,31ea2855-2536-4eee-9393-ff65af54ef99,4114719.54296875,13095.07165000867
131,18,Millcreek,0,MILLCREEK,1595808000000,50150,3045,,3,Millcreek,63380,63034,MLC,1867579,56cc392e-687a-41a4-ab07-f8e99a605b82,58284953.51715793,71483.26256755169
132,06,Syracuse,0,SYRACUSE,1705881600000,74810,3120,049,3, ,32141,35561,SYR,1433147,019db465-83ae-4224-9022-4e29b923c088,47501980.641204834,42589.248360109006
133,03,Richmond,0,RICHMOND,1665100800000,63680,3150,059,2, ,2914,2986,RCM,1444892,af166bc2-17ea-43bc-97d4-3c31c12cfa5c,16316990.7578125,23085.120154947406
134,16,Circleville,0,CIRCLEVILLE,1285545600000,12970,3010,003,1, ,550,544,CIR,1439749,b37c5c4c-9550-46d3-9e1c-345e2d50b213,46410072.69921875,35121.96300619544
135,08,Green River,0,GREEN RIVER,1469145600000,31670,3062,011,2,Green River,847,876,GRE,1428398,d9ed091c-95c6-4318-9810-0131a3a3bcde,117048647.60546875,111962.18451795285
136,25,Provo,1,PROVO,1772064000000,62470,3150,090,4,Provo,115162,113523,PVO,1444661,b560c3a9-176c-4ac5-9567-2382489da1a9,199116586.14445055,115168.27149843879
137,25,Lindon,0,LINDON,1538092800000,45090,3100,070,3, ,11397,11704,LIN,1442630,2229c6f9-4a2e-4094-b711-a2fc469cba62,38072403.49609375,38584.618216589966
138,20,Sterling,0,STERLING,1516924800000,72940,3120,032,4, ,274,289,STE,1446134,372e4916-084f-4f90-a7d5-e6433141b211,1392236.86328125,7852.41498752875
139,07,Altamont,0,ALTAMONT,1765497600000,00760,3010,001,1, ,239,245,AMT,1425096,3de4fd37-f866-4776-bc42-3379bf3d9426,1209076.44921875,5000.669275733282
140,16,Junction,1,JUNCTION,1285545600000,39590,3020,005,2,Junction,212,211,JCT,1442250,4ca8e8a3-9166-49fb-92e4-516072c1e78a,57201230.4921875,35054.52022226549
141,06,Kaysville,0,KAYSVILLE,1705881600000,40360,3070,026,4,Kaysville,32945,32761,KAY,1442285,4b6c030f-80c8-44bb-9e9a-1c2571594beb,48534373.27734375,54944.8850693874
142,26,Park City,0,PARK CITY (WASATCH CO),1316736000000,58070,3060,013,1,Park City,8396,8374,PKC,1444206,e2b76c42-e991-458f-93d6-d50597bb37d5,1965126.5703125,9471.24593414698
143,06,Clinton,0,CLINTON,,14290,3040,059,3, ,23386,23538,CLI,1426725,cfdcc968-1736-4bbf-804a-3cd470b6e0ed,27255882.66015625,27734.89890609986
144,21,Koosharem,0,KOOSHAREM TOWN,1781568000000,41680,3060,029,3, ,244,251,KOO,1442357,58b71994-48a0-4b88-90e8-9730a708d641,4318900.382505417,12185.010563324246
145,02,Brigham City,1,BRIGHAM CITY,1754870400000,08460,3020,017,2,Brigham,19650,19963,BGM,1439109,85fa492d-5d3a-49f5-becb-94a3276f0b94,121841930.23920941,93508.20685143792
146,03,Providence,0,PROVIDENCE,1670371200000,62360,3140,056,3, ,8218,8995,PVD,1444657,fd79fcfe-3f87-419d-95ea-2caa652f57bc,18759409.6953125,23995.423495856776
147,18,South Salt Lake,0,SOUTH SALT LAKE CITY,1542153600000,71070,3100,139,1,South Salt Lake,26777,26003,SSL,1432753,978150c0-878e-4831-a86b-789f51436843,31314557.28515625,26386.494329601774
148,08,Castle Dale,1,CASTLE DALE,1647993600000,10660,3010,001,1,Castle Dale,1492,1530,CDL,1426380,68a7cbcb-ea39-4b48-80d6-c4e0cc51f900,9759296.82421875,22193.26075797915
149,02,Honeyville,0,HONEYVILLE CITY,1337904000000,36290,3080,054,1, ,1606,1725,HON,1428800,975f4368-2532-4271-9c58-885a33bad8f7,54416686.5234375,44445.85549030428
150,11,Kanarraville,0,KANARRAVILLE,1292371200000,40030,3040,012,3, ,442,467,KNV,1429278,61842f63-d623-407b-9b9b-8c5e7fe59bf3,1786502.1953125,6325.899135678217
151,06,North Salt Lake,0,CITY OF NORTH SALT LAKE,1672790400000,55210,3090,035,1, ,21907,22537,NSL,1443971,776cc2f6-a953-4f8a-bbdc-03798492094b,39380300.05859375,40983.19020322274
152,20,Mayfield,0,MAYFIELD,1782172800000,48720,3080,021,3, ,556,583,MAY,1443237,9c361e92-fcef-4a5b-b8a4-d78cd9a28b17,3877603.3984375,14855.399937511602
153,20,Moroni,0,MORONI,1328140800000,52130,3090,023,1, ,1544,1617,MRI,1430498,1130be2c-aad6-4f09-bd06-835f92ed2c54,4639207.41796875,10455.567733646496
154,22,Henefer,0,HENEFER,1760400000000,34640,3030,017,2, ,838,837,HNF,1428658,ad874058-1779-4c8f-ba48-b2605ec6a9dc,11466118.140625,33931.43923585121
155,14,Scipio,0,SCIPIO,,67880,3100,040,4,Scipio,353,366,SCI,1445376,1f5acfd0-bd9b-4c60-aca7-1761fcb3eddf,4469919.69140625,12496.533365882144
156,01,Milford,0,MILFORD,1397433600000,50040,3020,008,2,Milford,1431,1454,MLF,1430317,2365f9d9-22fb-43dd-b737-bfdf7b0b02cd,8927543.63671875,18338.1337301293
157,06,Farmington,1,FARMINGTON,1660521600000,24740,3050,017,3,Farmington,24531,25660,FRM,1441004,e75d4c3f-6c20-4e87-bc28-3fffd4ab521a,45680199.5390625,41646.19958001142
158,28,Bicknell,0,BICKNELL,1288828800000,05490,3010,001,1, ,323,337,BIC,1438623,425784b1-4124-41db-9af8-59827c46e4b3,2417894.66796875,8842.088521212881
159,17,Randolph,1,RANDOLPH,1765324800000,63020,3030,005,2,Randolph,467,491,RAN,1431567,442e59b6-5820-402f-b4f4-4fd3527db027,6028944.11328125,17490.796641700792
160,06,Bountiful,0,BOUNTIFUL,,07690,3010,004,3,Bountiful,45762,44481,BTF,1439039,71f0212e-ceee-45d4-aa32-ccbfb3d7c67b,59929887.1875,52005.696751918986
161,07,Duchesne,1,DUCHESNE,1556236800000,20340,3020,008,2,Duchesne,1588,1623,DUC,1427601,eb7ac5e1-25f3-4f87-ac1d-a0db8f9031f2,12420749.52734375,29211.90669735901
162,25,Bluffdale,0,BLUFFDALE (UTAH CO),1323907200000,06810,3020,019,4,,17014,19080,BDL,1425844,5ab6798f-931b-4499-ae4a-510a43419dbb,3033724.561855316,8752.870622956674
163,22,Oakley,0,OAKLEY,1772582400000,55650,3050,029,4, ,1588,1599,OKL,1444043,41bfcd5f-339c-4121-9dd7-05feb9154a57,32006217.7890625,34790.68288824957
164,26,Daniel,0,DANIEL ,1757894400000,34200,3015,005,2,,916,887,DAN,1455872,2bf0b5bc-cedb-4dc4-940e-73f90bf27828,14809298.20703125,34953.02725808055
165,02,Willard,0,WILLARD CITY,1716854400000,84710,3160,120,1, ,1978,2224,WIL,1447372,5667edb6-bfc8-4e6a-8705-550b97a6849e,34474059.83203125,40925.19769438525
166,03,Trenton,0,TRENTON,1588896000000,77230,3180,081,4, ,512,521,TRN,1433666,ed8bc4da-c42c-4eb1-ac74-d7aa8c53a380,38786083.01953125,35353.97038197954
167,18,West Valley City,0,WEST VALLEY CITY,1328140800000,83470,3120,167,3,West Valley,140230,136650,WVC,1437843,3e347e32-f2da-42ea-933a-2ac8444b753d,161526538.3203125,75182.49470534545
168,24,Vernal,1,VERNAL,1765497600000,80090,3030,024,4,Vernal,10079,10432,VER,1433885,887bc29c-cce4-49f4-aa3b-d49f5422bbb8,21379693.381591797,50607.43837005003
169,02,Corinne,0,CORINNE CITY,1337904000000,15830,3030,025,4, ,809,853,COR,1439951,9d0649cf-060b-4126-91ff-f6e58f1271ff,17860940.12109375,26640.85156845592
170,27,La Verkin,0,LA VERKIN CITY,1121817600000,43440,3050,011,3, ,4354,4531,LAV,1429398,dcdfa709-4550-4d6b-b4de-c3d3f618c977,55850443.40625,42817.95299679068
171,14,Oak City,0,OAK CITY,1775520000000,55430,3090,037,4, ,595,630,OKC,1444013,e46df441-a7c3-4925-9fb3-24039fc1e124,5078929.359893799,14322.673712931277
172,25,Santaquin,0,SANTAQUIN CITY (UTAH CO),1779062400000,67770,3170,097,3, ,13725,16898,SAQ,1445329,181e3636-88ad-4cc3-8d71-35d2efa03794,45858645.33536482,69647.70451716988
173,10,Moab,1,MOAB CITY,1774224000000,50700,3020,011,3,Moab,5366,5321,MOA,1430389,9b8ea6ed-ca5c-43a9-b7a1-df0a510af13a,20448941.63957596,60220.209000146104
174,25,Eagle Mountain,0,EAGLE MOUNTAIN,1655942400000,20810,3047,030,2, ,43623,54149,EAG,1759211,d1b47e68-edc4-4bd7-bafa-1adf266037c4,228031790.7890625,104693.1947728064
175,25,Fairfield,0,FAIRFIELD,,24410,3055,035,3, ,160,156,FFD,1427871,f799fb5c-545f-4813-8c5f-597384e27d2d,116292665.02734375,55543.88392887749
176,03,River Heights,0,RIVER HEIGHTS,1500595200000,64120,3160,060,1, ,2144,2147,RVH,1444991,85550a1c-0a4c-4925-91e5-42f056250b9a,3077781.6070747375,15394.562244777238
177,02,Fielding,0,FIELDING,1510876800000,25290,3060,041,1, ,546,591,FIE,1441035,4c1aae04-00fc-4bcb-a8e6-09b93aded940,2598056.97265625,11837.148762105593
178,15,Morgan,1,MORGAN,1387152000000,51910,3010,007,3,Morgan,4071,4455,MRG,1430488,66428d79-35d5-4ee8-ac79-2d844df3acae,13889756.7421875,22702.585024582913
179,20,Spring City,0,SPRING CITY,1713398400000,71730,3110,031,4, ,949,,SPC,1445992,66a30fda-5150-42d1-85ce-782000661678,6412196.98828125,12223.977845160132
180,21,Salina,0,SALINA,1676419200000,65880,3100,035,4,Salina,2441,2565,SLN,1445269,ee1204cd-2c2c-4dfc-a285-6c34baee50da,25203447.1328125,39791.39004336438
181,18,South Jordan,0,SOUTH JORDAN,1684454400000,70850,3090,138,3,South Jordan,77487,83513,SJC,1432728,8795d2fd-beb0-4672-8fd5-3ab331303e27,116033501.54989624,69303.494988056
182,28,Hanksville,0,HANKSVILLE TOWN,,33100,3015,005,2,Hanksville,158,171,HAN,1428508,ea0c35c5-7cb3-42c4-862f-f239a070b29c,7249783.95703125,14221.693557106004
183,03,Hyrum,0,HYRUM,1608249600000,37500,3050,033,3, ,9362,10594,HYR,1441968,d968bcfe-3ae9-4759-8b42-7ea15605e632,28900838.58203125,52637.828353130615
184,14,Leamington,0,LEAMINGTON TOWN,,43880,3060,028,3, ,256,269,LEA,1429508,7c31af21-0f14-4297-887a-1d167eb34a0d,6827752.83203125,11052.480824420014
185,25,Spanish Fork,0,SPANISH FORK,1762214400000,71290,3180,103,1,Spanish Fork,42602,44102,SFK,1445945,a0820dd8-c601-4740-8d09-e4caa01a44a0,82849900.30371094,91029.2671458078
186,03,Amalga,0,AMALGA,1346371200000,01090,3010,001,1, ,482,500,AMG,1437485,3eef709c-a380-4035-8022-62c33de81321,16579396.25390625,32788.58312102679
187,02,Snowville,0,SNOWVILLE TOWN,1337904000000,69970,3140,100,4,Snowville,163,161,SNO,1432604,6b9b34d5-bf4e-434a-b7b7-ea755fd55421,7190607.9921875,10959.855029421087
188,09,Tropic,0,TROPIC,1292371200000,77560,3080,015,4, ,486,505,TRO,1446722,40c969fe-52e6-4999-a159-448df1bc1ae1,32791204.734375,30541.338504256622
189,09,Hatch,0,HATCH,1356652800000,33760,3050,006,2, ,132,142,HAT,1428572,c4f39c20-0fa1-423f-a848-0aea56021f96,7544729.300826073,14477.027364713744
190,18,Sandy,0,SANDY CITY,1780358400000,67440,3080,131,4,Sandy City,96904,93022,SAN,1455905,53f7beac-3212-4c0f-b803-5a1f24ba3ede,110327054.13180405,155971.01772180275
191,27,Hildale,0,HILDALE CITY,,35300,3020,035,2, ,1127,1184,HIL,1450387,537e2945-0326-4919-89bc-5b90f30c3cc7,36859181.328125,50663.88982684863
192,02,Garland,0,GARLAND,1772755200000,28150,3070,044,1, ,2589,2613,GAL,1428146,00a2972c-7b2a-4064-b436-5bea61fd68a8,8719128.234375,26356.609853230686
193,10,Castle Valley,0,CASTLE VALLEY,1190160000000,11000,3010,005,1, ,347,360,CSV,1450284,ace85d64-4e35-445a-a53d-8cc508940244,37360377.47265625,31034.026749520206
194,29,Uintah,0,UINTAH,1613001600000,77890,3110,043,3, ,1454,1422,UIN,1446835,e5612acc-0ca2-4f44-8126-527a40314478,5738380.4839372635,18597.970103574375
195,29,Marriott-Slaterville,0,MARRIOTT-SLATERVILLE CITY,1694649600000,48300,3035,022,4, ,2135,2206,MSL,1851823,5b117e45-2df8-4514-b674-f6dd84da10d5,34812061.96650696,36462.96925145142
196,26,Charleston,0,CHARLESTON,1753056000000,12420,3010,003,4, ,436,421,CHA,1426539,f0f68ce3-3988-41f3-bb17-c259439d2846,15037905.74098587,23267.213836404608
197,28,Lyman,0,LYMAN,,46410,3030,008,3, ,196,220,LYM,1430020,fdde71bb-6f63-4d60-9190-d2be0bef0560,7634116.296875,13378.648210437163
198,18,West Jordan,0,WEST JORDAN CITY,1647907200000,82950,3110,155,2, ,116961,116664,WJC,1434086,f3651b36-d589-4be5-8816-85197630f687,147750691.13502502,69278.249695587
199,25,Highland,0,HIGHLAND,1688947200000,35190,3080,099,2, ,19348,19902,HGH,1448472,8069aea4-cfc8-4484-9f95-fb7719a5b49f,38894315.53883958,53363.99082324197
200,08,Orangeville,0,ORANGEVILLE,1332720000000,56860,3080,016,4, ,1224,1258,ORA,1431021,5e04a99c-c393-490c-8171-4d1dba63c73e,6141808.515625,18712.6188530369
201,26,Heber City,1,HEBER CITY,1776643200000,34200,3020,008,3,Heber,,17865,HEB,1455878,e3ee7aea-c79f-463f-8f47-14fe3fb8ac8e,112446701.57226467,95105.85421377106
202,18,Alta,0,ALTA,,00650,3010,003,3, ,228,227,ALA,1437483,0c9a372b-1066-437c-86e3-d08c13147a31,20350476.8515625,23115.252385881497
203,21,Glenwood,0,GLENWOOD,1283212800000,29580,3040,018,2, ,474,491,GLW,1441332,ce2d809b-965c-494f-989c-6de4116748a6,2218148.41796875,6144.2955369035235
204,04,Helper,0,HELPER CITY,1675296000000,34530,3020,016,2,Helper,2112,2131,HEL,1428654,840d6526-8ace-4bcf-929c-6b05a5c04447,7925086.974620342,19810.569100434084
205,14,Holden,0,HOLDEN,,35960,3040,024,3, ,438,458,HDN,1428763,dcdb5ea7-0fdd-4c86-ae35-e97f0a41e96d,2595094.93359375,8905.302490370746
206,13,Kanab,1,KANAB CITY,1676505600000,39920,3040,004,4,Kanab,4683,5131,KNB,1429276,1ec3b056-ba25-46c6-bc11-d678c3dd10f8,63367452.25,43974.97950250658
207,12,Mona,0,MONA,1716508800000,51140,3030,024,3, ,1750,1906,MNA,1443548,77e6d297-6955-4f52-bd51-723efd410b62,12177197.373485565,18427.77339956401
208,25,Cedar Hills,0,CEDAR HILLS,1665014400000,11440,3040,123,3, ,10019,9956,CHL,1455858,0a1f3583-7527-4939-a4a4-fff2b06bdc15,12268860.69140625,28507.42244077209
209,06,Woods Cross,0,WOODS CROSS CITY,1432857600000,85370,3150,057,4, ,11410,11487,WCR,1447521,691603cd-5273-4e91-aa2a-3ba6816ad1bd,17402206.27734375,25597.627252671064
210,20,Ephraim,0,EPHRAIM,1769904000000,23530,3020,008,2,Ephraim,5611,5937,EPH,1440944,a5c6d355-899e-494d-8f73-63e6ac839556,22322745.484375,35287.107497666686
211,19,Monticello,1,MONTICELLO,1591401600000,51580,3020,009,3,Monticello,1824,1752,MTC,1443568,b37afcac-fb11-4ba1-9ef0-711eee1ea2d8,13946669.171875,26656.588956752916
212,25,Goshen,0,GOSHEN,1235433600000,30130,3070,043,1, ,978,959,GOS,1428272,f3ae2b1d-9368-4f0b-a812-4306876c74d6,3622529.83203125,9937.3039630066
213,25,Pleasant Grove,0,PLEASANT GROVE,1698883200000,60930,3140,088,4, ,37726,37630,PGR,1444479,93491a5f-0926-4b39-acef-d432512b268e,40976170.078125,43582.849091874974
214,11,Parowan,1,PAROWAN,1760486400000,58510,3060,019,2,Parowan,2996,3171,PWN,1444224,c499d5d2-598c-4a93-ac32-587da413cc69,31050164.860754967,61034.15158059311
215,04,East Carbon,0,EAST CARBON CITY,1387324800000,20890,3010,,1,East Carbon City,1556,1567,ECC,2410386,b73e5c20-015a-4f67-b9d4-4f6d6eedeee0,49160683.3359375,57584.251595257374
216,21,Annabella,0,ANNABELLA TOWN,1283212800000,01750,3010,001,1, ,836,872,ANN,1438228,d83cc74b-8403-43a9-a888-08e5ffd24323,2773608.9296875,10650.579164800874
217,06,Layton,0,LAYTON,1770163200000,43660,3080,030,1,Layton,81773,82601,LAY,1442459,fae23671-13a5-48c3-ba08-e9597c12ba01,103831672.3011446,87512.82944823116
218,04,Price,1,PRICE,1331164800000,62030,3030,035,4,Price,8216,8262,PRI,1431465,424ecbd0-c03c-4ccd-9d53-6e1fe27b7622,21984077.43359375,28787.368327913206
219,18,Salt Lake City,1,SALT LAKE CITY,1751500800000,67000,3070,122,4,Salt Lake City,199723,204657,SLC,1454997,6992f89c-b3bd-4004-86ca-ffdbbfaedfb0,509449229.9255066,162019.44332000514
220,13,Glendale,0,GLENDALE,,29360,3030,002,3, ,312,310,GLD,1428204,8a61b182-1a0c-409a-85bc-2f7d25c94abe,28723944.3125,43520.45088943503
221,27,Virgin,0,VIRGIN TOWN,1547164800000,80530,3120,026,1, ,670,697,VIR,1433898,6c72aaac-74b5-461d-826d-1df074a5eb7e,48278220.875,37204.51953867233
222,29,Roy,0,ROY CITY,1541721600000,65110,3090,037,4, ,39306,38785,ROY,1432035,57a92e30-e693-4f27-bb85-c32dbf66c10d,37346094.86328125,33427.61314325302
223,20,Manti,1,MANTI,1654128000000,47730,3070,020,3,Manti,3429,3588,MTI,1443136,b5a98ce0-fa3c-4d5b-b251-0e40961477ed,13978904.475437641,25900.186437044125
224,26,Independence,0,INDEPENDENCE,1289520000000,37690,3027,009,1,,121,118,IND,2547779,cf57efe1-d1be-4a01-a5e2-c23f7e6d8e9d,136618049.82421875,86160.4137322133
225,27,Apple Valley,0,APPLE VALLEY,1200528000000,01905,3005,002,3, ,855,900,APP,2061574,65632eb8-219c-46ac-9c17-9eadeb092024,161907332,88233.79248511489
226,02,Mantua,0,MANTUA TOWN,1337904000000,47840,3100,069,1, ,1090,1256,MAU,1443141,96d53413-788c-44b0-a249-122d89582f67,26178713.72265625,28299.077660812836
227,11,Enoch,0,ENOCH,1768176000000,23200,3030,005,4, ,7374,8231,ENO,1437554,284c231c-1b2b-4317-9706-0dce29f73c97,32797437.375362396,55313.06370685097
228,25,Payson,0,PAYSON,1706745600000,58730,3130,085,1,Payson,21101,22516,PAY,1444252,054a41cb-84ca-4ecc-9873-09b1fc7ee427,57972036.947582245,75746.90529390918
229,17,Laketown,0,LAKETOWN,1283817600000,42560,3020,002,3,Laketown,299,314,LAK,1429446,aa6e3c41-7533-474c-ad1b-5d4dde74b4fb,11783075.27734375,20011.38680933894
230,04,Scofield,0,SCOFIELD,,67990,3040,040,4, ,26,26,SCO,1445380,0e017c87-86f1-4e7e-8b7d-5d214fe2e60e,4061268.6328125,13562.548773928049
231,20,Fountain Green,0,FOUNTAIN GREEN,1328140800000,26720,3050,011,2, ,1197,1260,FOU,1441187,6e820172-eb28-4bb7-a672-335c65e3c1ce,5458773.25390625,9410.77958589853
232,21,Sigurd,0,SIGURD TOWN,1714608000000,68650,3110,038,3, ,405,422,SIG,1445583,ce34e8ee-9d20-45ee-acf4-68af0db1002c,4776817.899256706,27173.960318676778
233,16,Kingston,0,KINGSTON,1285545600000,41350,3030,006,3, ,135,137,KNG,1442334,158d8fd0-bcb6-4f80-8bfd-2c4c885f63b2,22525697.71484375,25726.97442751803
234,09,Antimony,0,ANTIMONY,1292371200000,01860,3010,001,4, ,118,124,ANT,1438250,e59864eb-bde4-49fa-9a1b-7a1d9bd0c0f8,41292182.3515625,35266.559869897974
235,27,New Harmony,0,NEW HARMONY,1665014400000,54440,3070,015,4, ,236,245,NWH,1443808,2d3fb869-ce6e-4781-beb4-a424a4f63fd4,2614325.4140625,10677.21041646136
236,23,Tooele,1,TOOELE,1586822400000,76680,3050,048,1,Tooele City,35742,38588,TOO,1433590,6e62800a-2a8e-4fdf-81a9-d43a497fa013,108586587.91917515,74854.08545940556
237,01,Beaver,1,BEAVER,1652659200000,04060,3010,002,1,Beaver,3592,3708,BVR,1438510,28fee685-d01b-4046-b447-a8f0728e6cba,28199509.38858795,45655.15638308625
238,26,Midway,0,MIDWAY,1668988800000,49820,3030,011,2, ,6003,6217,MWY,1430310,d8dea699-7a4c-4350-8a12-4ff0d0e4a0f8,27775849.515068054,48578.95671848181
239,09,Escalante,0,ESCALANTE,1452729600000,23750,3040,005,2,Escalante,786,821,ESC,1440956,e4de7140-a67f-42e5-b998-5621c4e3fd3a,13687035.462632895,27231.601594696367
240,16,Marysvale,0,MARYSVALE,1285545600000,48610,3040,007,4, ,356,416,MSV,1443220,0ef85514-040c-43b7-813f-a77802061a7a,76021070.76953125,41409.993430206676
241,29,Pleasant View,0,PLEASANT VIEW,1285545600000,61150,3070,031,1, ,11083,11258,PVW,1444486,98b770cc-c994-4611-8776-ee4c7f2d5d52,32224395.70703125,33894.76472077683
242,25,Woodland Hills,0,WOODLAND HILLS,973296000000,85050,3200,125,3, ,1521,1553,WDL,1455585,d2ad461a-d61d-49b5-8b8d-fdaa4b1bb1bc,11355343.025407791,17915.578669327286
243,25,Draper,0,DRAPER CITY (UTAH CO),1310947200000,20120,3045,029,1,Draper City,51017,50731,DRA,1427473,cecf55ea-b51b-46f7-8378-ad7b7330a88a,28738444.73046875,36532.3062428759
244,29,Riverdale,0,RIVERDALE,1655424000000,64010,3080,036,3, ,9343,9285,RVD,1444992,ea5febeb-b614-447d-ab99-3f994d4fd4ce,21083990.578125,26774.293310745492
245,03,Lewiston,0,LEWISTON,1711584000000,44760,3060,036,3, ,1939,1960,LEW,1442573,09480b5f-232c-43ca-85b7-c1866a41966c,121961131.84507751,70799.04174292358
246,03,Nibley,0,NIBLEY,1763337600000,54660,3110,098,1, ,7328,7926,NIB,1443818,d9006c32-8c8f-4600-b8b8-821623a2c7f3,21288012.041014194,39967.152747033346
247,26,Wallsburg,0,WALLSBURG,1558051200000,80970,3040,014,1, ,290,297,WBG,1446968,31db29d3-54c9-4908-a269-748aa61ad0e6,2818567.359375,9495.964640970506
248,26,Interlaken,0,INTERLAKEN TOWN,1432771200000,37924,3027,,4,Interlaken,179,166,INT,2783908,b7d7b4f2-82c4-4946-b28f-8a1ccf9c2d30,1010430.315032959,6085.253200524347
249,21,Elsinore,0,ELSINORE,1621209600000,22650,3030,014,1, ,802,865,ELS,1440921,8bb25ee2-9657-4b7f-8f5f-a7e49ea47947,11293024.703670502,18149.980491534563
250,21,Richfield,1,RICHFIELD CITY,1785715200000,63570,3090,034,4,Richfield,8201,8220,RIC,1444889,b1b51b78-3ca5-4df8-963a-b49dbd728077,26553993.958363533,61869.14449518094
251,26,Hideout,0,HIDEOUT (WASATCH),1604448000000,35120,3024,020,3,,922,1315,HDT,2519168,3cf5f60b-b6ba-4f47-884b-6b07e268986d,21146979.640838623,37515.51636351042
252,23,Erda,0,ERDA,1656374400000,23640,,,3,City of Erda,,,ERD,,4573b63c-c3de-49c9-ab00-7b680f859e39,182716217.69724274,103267.76504406227
253,23,Lake Point,0,LAKE POINT,1671580800000,,,,4,Lake Point,,,,,dbd9619e-3917-4608-956f-8ff368b2916d,20665274.98275757,33677.56191959451
254,18,Magna City,0,MAGNA CITY,1723161600000,47290,3903,,2,,,,,,50b0d107-f682-4ac3-8b83-12f555310567,169202071.56996155,95438.77308875948
255,18,Emigration Canyon,0,EMIGRATION CANYON,1721088000000,22875,3901,,2,Emigration Canyon,1466,1484,,,0d3921ad-c329-4fa2-bf0e-0cb9e21a6a83,82398919.91796875,43970.7040667015
256,18,Kearns,0,KEARNS,1724716800000,40470,3902,,1,Kearns,36723,37249,KMT,,91c04222-9221-4b38-9a46-83cc1258a5a6,20857128.890625,23112.19587860507
257,18,Copperton,0,COPPERTON,1724112000000,15720,3900,,4,Copperton,829,840,CMT,,59954052-f08a-466c-9879-7a9439e014e8,1407033.2578125,8080.141764395627
258,18,White City,0,WHITE CITY,1724630400000,84050,3904,,3,White City,5522,5598,WMT,,60ae36a4-97e5-444e-b0ec-f281e45aed7a,3930916.25390625,18516.50345941596
259,03,Logan,1,LOGAN CITY,1676505600000,45860,3070,038,4,Logan,,,LOG,1442849,08a04e9f-47c7-4159-9409-c102bc4aed32,87233484.59765625,105278.0569846665
260,29,Ogden Valley City,0,OGDEN VALLEY,1768176000000,56320,,,2,,,,,,9f4e695a-0b53-4566-97eb-634096741664,290417643.3515625,182220.69859671572
261,25,Spring Lake,,SPRING LAKE,1768521600000,72175,,,2,,,,,,736b514c-8a8f-4ea8-b858-df2cf3f8589e,8305619.89453125,33463.93852667294
