FID,UNITNAME,GISID,SUBTYPE,UNITNBR,Shape__Area,Shape__Length,GlobalID
8395,Wildwood Canyon,GIS0000001,Park Unit or Property,507,4960731.28125,13601.233514239782,2468fada-9bd3-41ed-8bac-3e590e9a5435
8396,Andrew Molera SP,GIS0000002,Park Unit or Property,491,29316950.984375,28455.626772812007,2ff6f701-017b-4352-9930-5a3e0d67a659
8397,Angel Island SP,GIS0000003,Park Unit or Property,231,4905590.8984375,10835.314613612005,71dfdbac-d1e0-4a9d-9195-d0b7bbb4eb26
8398,Antelope Valley California Poppy Preserve (SNR),GIS0000005,Park Unit or Property,560,10818447.1953125,20859.426680703662,e728c82d-7eee-4e14-9e3c-c931278efda3
8399,Antelope Valley Indian Museum (SHP),GIS0000006,Park Unit or Property,579,2461476.03515625,7931.302795335431,2740387a-6aab-4e91-834d-4d0d71118c5b
8400,Armstrong Redwoods SNR,GIS0000007,Park Unit or Property,208,4718219.18359375,15191.367123695416,1a3ca63b-a24a-4daa-8aba-25f7e1b0e5c5
8401,Arthur B. Ripley Desert Woodland SP,GIS0000008,Park Unit or Property,595,3442025.8984375,12326.368060898862,a3a29e0b-d626-419f-9f78-a18975e3f601
8402,Austin Creek SRA,GIS0000009,Park Unit operated by other entity,245,37800689.78515625,54678.06286853076,b39de0f3-9327-4b29-b8ba-c95261998191
8403,Azalea SNR,GIS0000010,Park Unit or Property,109,250087.60546875,2457.355490862195,8ede7646-27bc-40ef-ab87-01f11e65fcaf
8404,Bale Grist Mill SHP,GIS0000011,Park Unit operated by other entity,251,4936.8125,306.18156235609945,6e877b79-0913-4298-9cda-10bffeb0b98c
8405,Benbow SRA,GIS0000012,Park Unit or Property,123,7868819.669235289,18960.960677731106,6ec09826-18fa-4868-b3bf-ceca46891fc6
8406,Bidwell Mansion SHP,GIS0000016,Park Unit or Property,139,35738.1171875,867.0994180393034,8ff9df4a-1eee-448e-8188-6465829977e0
8407,Bidwell-Sacramento River SP,GIS0000017,Park Unit or Property,163,2019597.70703125,18555.970153442056,0e88a9ee-f796-42a2-838e-e70bd2c3022e
8408,Bodie SHP,GIS0000018,Park Unit or Property,324,6462582.59765625,31981.58928883268,ccfc4338-f03c-47f9-af5d-2d3e4175b048
8409,Bothe-Napa Valley SP,GIS0000020,Park Unit operated by other entity,240,12625140.5390625,37910.648376522644,8d206a82-b5e7-4424-b7fb-3a276b78db2e
8410,Brannan Island SRA,GIS0000021,Park Unit operated by other entity,314,2169050.91015625,11235.075797327256,b4f83a81-9b67-4eca-a40c-32667a48855f
8411,Burleigh H. Murray Ranch,GIS0000022,Park Unit or Property,285,8518098.171875,19368.3699273848,4bef344d-7e7f-40f1-b23d-123210de50ba
8412,Burton Creek SP,GIS0000023,Park Unit or Property,348,12948965.46875,16739.580194196893,8ff9919f-ad01-47e0-bd2d-fa48836a489f
8413,Calaveras Big Trees SP,GIS0000024,Park Unit or Property,306,42630264.09375,42186.46288292705,13004073-ba90-45f7-8ebf-b0468566b928
8414,Carmel River SB,GIS0000026,Park Unit or Property,437,1879674.18359375,12505.223956169764,9f6d8ab6-d8d4-45f0-9b62-29cef536fdf4
8415,Carpinteria SB,GIS0000028,Park Unit or Property,514,367600.49609375,5384.871384461682,1b0cc963-ae14-42e6-84ac-04bf9707b692
8416,Caswell Memorial SP,GIS0000031,Park Unit or Property,316,1811987.69921875,14277.468714270752,4d033042-e3a3-4e44-a7af-483ab3512497
8417,Cayucos SB,GIS0000032,Park Unit operated by other entity,452,96776.83092671633,2132.0424733008376,5f06fe49-d389-4111-9d74-1641868c57c8
8418,China Camp SP,GIS0000033,Park Unit operated by other entity,202,9982676.78125,24133.311054901053,60a0b173-bffe-449b-838d-aa0a328c6e19
8419,Chumash Painted Cave SHP,GIS0000035,Park Unit or Property,525,46924.52734375,1512.2026256312715,9d967d81-c4c6-49d7-a037-4f13a117baf3
8420,Clay Pit SVRA,GIS0000036,Park Unit or Property,155,1497217.56640625,5213.661524940219,7ba4d4ee-a8b0-44e1-83ad-8128395a8e76
8421,Colusa-Sacramento River SRA,GIS0000038,Park Unit operated by other entity,140,2408495.6953125,10703.378849983505,8f379bfb-b6b5-4b5f-baa8-6c19b927caab
8422,Corona del Mar SB,GIS0000039,Park Unit operated by other entity,532,218057.01171875,4844.633220145073,7e9a60f0-2ab1-4028-aa47-df03410c1a3d
8423,Crystal Cove SP,GIS0000040,Park Unit or Property,594,23839422.34765625,40788.417305368246,96f0c6c3-2028-4786-8bc6-714cf65a7f50
8424,Cuyamaca Rancho SP,GIS0000041,Park Unit or Property,618,142511355.84375,86084.01151690689,a3d4973d-2a20-47bf-affd-b797a3e02b33
8425,D.L. Bliss SP,GIS0000042,Park Unit or Property,303,10426775.890625,17803.172186357766,0fd65e8b-7a33-4261-9ad3-b374b85b3351
8426,Del Norte Coast Redwoods SP,GIS0000043,Park Unit or Property,103,227772347.796875,105758.4612293473,3d4f865c-c80d-4f74-92e3-6d4b69d3622e
8427,Dockweiler SB,GIS0000045,Park Unit operated by other entity,541,1802714.828125,17160.313420773877,7ddb092a-a709-4763-9d66-8b698387c182
8428,Doheny SB,GIS0000046,Park Unit or Property,610,1681514.671875,6267.308055736009,7b105b71-c853-484c-8fec-f0dadc7c9e32
8429,Donner Memorial SP,GIS0000047,Park Unit or Property,301,24124532.69921875,86066.08823893717,220dd6e6-83f3-4bee-b0c3-dfa6de32d141
8430,Emerald Bay SP,GIS0000049,Park Unit or Property,313,8996598.0390625,13211.955136002924,65e4f97a-e289-4bc9-add2-0ebd23411d9d
8431,Emma Wood SB,GIS0000050,Park Unit or Property,530,732675.5,17555.704580225614,d6827408-24c2-4d11-a8fc-0a4b8be155c7
8432,Empire Mine SHP,GIS0000051,Park Unit or Property,383,5602733.08984375,21195.927445618407,3e4d9e47-82b4-45eb-baae-15cc03bb8f6a
8433,Folsom Powerhouse SHP,GIS0000052,Park Unit or Property,370,156595.50697422028,3042.5125176086153,154d78a1-f67f-401a-bc7b-620d1b2ffb9e
8434,Fort Ross SHP,GIS0000054,Park Unit or Property,207,22331086.63671875,42015.63130128959,3c6b8bf4-0441-4dc9-852b-a09ae4b248e2
8435,Fort Tejon SHP,GIS0000055,Park Unit or Property,351,3914543.9479293823,9230.71608292047,54f9a7dd-51ef-49e9-ae64-a54c8070f2f5
8436,Franks Tract SRA,GIS0000056,Park Unit or Property,329,23454745.0078125,30384.946927440353,138b52a3-4ba1-431c-b5d9-3d0fdc0e7a0d
8437,Garrapata SP,GIS0000057,Park Unit or Property,467,18184906.6796875,47921.33565827515,5750f92b-52b3-4736-8ad1-7cc57414298a
8438,George J. Hatfield SRA,GIS0000058,Park Unit or Property,312,398795.8046875,5229.106027861137,4d4f7b6c-c28b-484f-96fb-a1e8992c371c
8439,Gray Whale Cove SB,GIS0000060,Park Unit or Property,270,21251.25390625,573.7901320033394,ffc0a722-7e98-481b-a341-2522173f1eb1
8440,Greenwood SB,GIS0000061,Park Unit or Property,165,387627.4375,4129.70004199088,9fcd5286-a9de-406a-b1eb-73c951da3abb
8441,Grover Hot Springs SP,GIS0000063,Park Unit or Property,322,3638179.81640625,16896.384486635852,4ce25a31-ebd4-4bd4-be27-473c0ab787f5
8442,Half Moon Bay SB,GIS0000064,Park Unit or Property,277,1331487.49609375,14732.074413556864,82ad8877-667b-4195-8670-38128ce7a296
8443,Harry A. Merlo SRA,GIS0000065,Park Unit or Property,136,7064960.78125,37234.294874492145,a2e8ed4a-386c-4110-a13b-1b8ad44985a8
8444,Hendy Woods SP,GIS0000067,Park Unit or Property,148,5587110.87109375,16872.544854211028,74136cae-1bbc-48ec-92c3-5211c16974b1
8445,Henry W. Coe SP,GIS0000069,Park Unit or Property,432,557259977.4140625,240210.2297472499,2a227e89-28a8-4c83-a4ab-4346341fa08f
8446,Hollister Hills SVRA,GIS0000070,Park Unit or Property,244,41116384.7734375,42398.75778432775,f94728ad-3ea4-4daa-a578-26f8931c8c71
8447,Humboldt Lagoons SP,GIS0000071,Park Unit or Property,105,15855033.1953125,79287.44557288534,444345fa-1e95-472a-9312-3ad44eb3b186
8448,Hungry Valley SVRA,GIS0000073,Park Unit or Property,521,118027206.83984375,86767.99270496485,d8c44e6b-f79b-4493-8dc4-e7e6b4c44d44
8449,Huntington SB,GIS0000074,Park Unit or Property,564,843102.26171875,8590.417951850184,b9490358-54b1-4aef-a7b5-fe6f5bd1cc4b
8450,Indian Grinding Rock SHP,GIS0000075,Park Unit or Property,373,892658.09375,4952.217332468325,f7320706-01cd-4751-9782-9b556bc6f35b
8451,Indio Hills Palms,GIS0000076,Park Unit operated by other entity,646,33272683.2890625,62526.01802471646,7bd3bfde-4d22-489e-ae7c-a6f3acd28421
8452,John B. Dewitt Redwoods SNR,GIS0000078,Park Unit or Property,137,8495244.16015625,24825.472326338608,918facef-493d-46f6-9c36-52f3581b7111
8453,John Little SNR,GIS0000079,Park Unit or Property,438,143519.49609375,2546.5803781155028,33ce30d2-aaa0-4e62-b1de-971a46e89d0e
8454,Jug Handle SNR,GIS0000081,Park Unit or Property,154,5208491.7578125,37844.72467262439,ab39a119-05a1-4c02-b451-28fbaf360a5b
8455,Julia Pfeiffer Burns SP,GIS0000082,Park Unit or Property,462,25779407.609375,36644.259660991265,08a32bbf-c504-48a7-a5ba-470af9de9c00
8456,Kruse Rhododendron SNR,GIS0000084,Park Unit or Property,206,2101149.48046875,5905.159597799078,19d3fe06-16c6-4970-b533-29b11c31200a
8457,La Purísima Mission SHP,GIS0000085,Park Unit or Property,513,11239900.328125,17216.063173731127,38ad2ae4-a2f3-4671-b2b9-94b239f6cd6c
8458,Lake Oroville SRA,GIS0000087,Park Unit or Property,151,197226487.37890625,374191.5737890568,a1aef85b-79ca-4748-8712-a1f6b719bc0a
8459,Lake Perris SRA,GIS0000088,Park Unit or Property,665,52377796.34556657,43590.950200400366,a4cd92f4-342a-4137-bce2-952663eb7feb
8460,Lake Valley SRA,GIS0000089,Park Unit or Property,382,1501866.03125,6581.340741262698,b89a8f88-e279-49a4-81a9-c3d0e832b77d
8461,Leo Carrillo SP,GIS0000091,Park Unit or Property,540,14703449.21875,29828.04682020871,9b71915c-97a5-45e8-8602-1ef553360636
8462,Lighthouse Field SB,GIS0000092,Park Unit or Property,474,250980.37890625,3312.5292263731035,42ceb8b3-3773-49bc-93e4-f856510e89af
8463,Little River SB,GIS0000094,Park Unit or Property,108,1516315.3046875,6953.233889870155,89726b4c-9a53-4fc3-85a2-f39cd0778eb2
8464,MacKerricher SP,GIS0000095,Park Unit or Property,146,16506610.58203125,47642.88758228015,38d2db90-0bb5-4328-b9bc-a884efb88688
8465,Mailliard Redwoods SNR,GIS0000096,Park Unit or Property,149,1628659.84765625,6207.167302063537,6b671117-9999-4dbf-b310-b70122607c8b
8466,Malakoff Diggins SHP,GIS0000097,Park Unit or Property,356,21819810.71875,51748.63327098818,4bf01895-1b71-4bca-8632-155915f9ba80
8467,Malibu Creek SP,GIS0000098,Park Unit or Property,537,48436958.0546875,100679.60685653702,4417243b-7952-4944-8450-cf8ad077da63
8468,Malibu Lagoon SB,GIS0000099,Park Unit or Property,548,414039.91015625,5121.540893897825,d124a401-a0b1-44a3-bbc7-c2bb86a4cd44
8469,Manchester SP,GIS0000100,Park Unit or Property,147,35602788.44921875,39445.25655816004,2ac38e99-4905-4020-8c87-180ea68bd155
8470,Mandalay SB,GIS0000101,Park Unit operated by other entity,676,598353.3203125,3867.0280390972175,d298e8f2-62f1-4917-a35e-32aef94d0e47
8471,Marconi Conference Center SHP,GIS0000102,Park Unit operated by other entity,213,406039.14453125,2799.0616613532047,0dff1690-8b4d-4425-8bf1-ee21167408d3
8472,Marina SB,GIS0000103,Park Unit or Property,479,1110777.64453125,6784.263708786217,780a7c8c-09a0-4bc9-85c9-1d0611bbc023
8473,McConnell SRA,GIS0000106,Park Unit or Property,310,467724.88671875,4303.671536543621,e229354d-c64b-4c00-9414-19ba6e2a5ed8
8474,McGrath SB,GIS0000107,Park Unit or Property,567,2008717.8046875,11449.870256849474,eee8cc2a-907b-4390-b7ad-f8aca0a70e93
8475,Mendocino Woodlands SP,GIS0000108,Park Unit operated by other entity,159,4311006.84765625,16179.20970047345,714465a3-7786-40a2-8c63-08db4a204a7c
8476,Millerton Lake SRA,GIS0000109,Park Unit or Property,378,77389491.9453125,117473.30832502151,1c38adff-b4e3-40fc-b701-37046d652b28
8477,Mono Lake Tufa SNR,GIS0000110,Park Unit or Property,366,312161145.931221,125324.74904082701,ed5cc00b-29da-42e0-82e2-120549614c80
8478,Montaña de Oro SP,GIS0000111,Park Unit or Property,441,62515404.13671875,102964.0318544855,cbab626c-1609-42f3-b9a4-6cc6ef34ed3d
8479,Montara SB,GIS0000112,Park Unit or Property,278,6305686.3515625,24329.89281283951,68ee78c8-4a6e-4ac5-b224-57ff3053e0dd
8480,Monterey SB,GIS0000113,Park Unit or Property,460,762975.3203125,19278.215200290524,7edd16bb-dbf9-49c8-ab26-216ba2d8c288
8481,Montgomery Woods SNR,GIS0000114,Park Unit or Property,143,18116166.91015625,35002.262566005746,18a39e42-9c3e-4e5f-b264-598561b695e9
8482,Morro Bay SP,GIS0000115,Park Unit or Property,443,14620095.90234375,35070.233982641446,1bc52189-9235-4e29-8d4a-6c5e4ecef290
8483,Moss Landing SB,GIS0000116,Park Unit or Property,454,410560.03125,4831.39338090334,614ef9ca-c62f-4fd2-b62b-bae9bce38ce1
8484,Mount Tamalpais SP,GIS0000117,Park Unit or Property,239,41706609.04296875,110376.21242638562,79e824b5-0414-4c82-9f11-6f7885eea61a
8485,Natural Bridges SB,GIS0000118,Park Unit or Property,407,404972.98046875,2965.2931016494367,587a92d3-ad08-451b-bf92-1ee118fe811d
8486,Navarro River Redwoods SP,GIS0000119,Park Unit or Property,144,4923572.328125,62548.18846402179,df7627a2-fb6d-41c5-a580-3d373816a48d
8487,Oceano Dunes SVRA,GIS0000120,Park Unit or Property,264,20930184.859375,40456.586589680766,2450c467-4e92-45e3-8fa7-013689883bc7
8488,Olompali SHP,GIS0000124,Park Unit or Property,201,4507964.28125,10230.052098419983,efcb09c1-02e3-4a84-987e-c4a951c717d0
8489,Pacheco SP,GIS0000125,Park Unit or Property,369,44459731.458357334,32637.746775814805,61b50f44-9fb7-4ee0-8984-2fc8b9d2293d
8490,Palomar Mountain SP,GIS0000126,Park Unit or Property,617,10976520.609375,18933.83971068658,2840839f-c61f-46b4-a7b6-a43ded4326be
8491,Sue-meg SP,GIS0000127,Park Unit or Property,106,4573342.9921875,16078.20721681435,caf1079e-2b77-4f86-8286-833d8c38dc39
8492,Pelican SB,GIS0000128,Park Unit or Property,101,68157.8046875,1138.864434817017,efe99525-009f-4355-80ce-f09ff8032153
8493,Pescadero SB,GIS0000129,Park Unit or Property,227,4469161.796875,20034.259286020108,5d361107-46ad-466f-87f7-0d3e6db96698
8494,Petaluma Adobe SHP,GIS0000130,Park Unit or Property,219,270115.69921875,3963.9471271524426,9ae8fd1c-bf01-4a85-bfb3-e57e7fc6b167
8495,Picacho SRA,GIS0000131,Park Unit or Property,658,43381610.375,43790.49129334191,eb3d2110-b7f2-4490-9d94-007b6d7034fd
8496,Pigeon Point Light Station SHP,GIS0000132,Park Unit operated by other entity,281,420611.69140625,8622.195357520737,85e679b9-bc15-4467-97d8-185d4f30c797
8497,Pío Pico SHP,GIS0000133,Park Unit or Property,551,33690.2265625,789.8317220297313,7f664393-20db-4aa6-9fbc-dceb0f7b1b88
8498,Placerita Canyon SP,GIS0000134,Park Unit operated by other entity,552,2119581.54296875,11881.052552566083,2a1eca07-766f-4734-8012-2b2938fd7f32
8499,Point Cabrillo Light Station SHP,GIS0000136,Park Unit or Property,166,2107082.19921875,10490.79086486259,1f279955-bc77-4d03-9f0f-80841824fec2
8500,Point Dume SB,GIS0000137,Park Unit or Property,533,210520.15625,2471.6190242130765,e58f4895-e98e-44f8-a958-413f46861810
8501,Ishxenta SP,GIS0000138,Park Unit or Property,435,9812908.6796875,35708.305426949075,4e65d54e-836d-4774-8282-8f2bcf2c8c37
8502,Point Montara Light Station,GIS0000140,Divested Units and Properties,282,3270.16015625,458.953088658379,69fc58f4-f977-41b8-a2e2-b738b35a2d12
8503,Point Mugu SP,GIS0000141,Park Unit or Property,573,82365473.42578125,57652.82834423479,dc97b2cc-b933-4793-94c4-3120f414c5e0
8504,Point Sal SB,GIS0000142,Park Unit or Property,535,833865.97265625,9124.39114510171,0e9cf610-bb8f-4cc8-a8de-3d2e1dff1791
8505,Pomponio SB,GIS0000144,Park Unit or Property,226,2631764.17578125,14172.13405735096,f9168f33-0a97-4daa-9ed8-fde0d67e2594
8506,Portola Redwoods SP,GIS0000145,Park Unit or Property,405,17445829.767814636,33091.728952747,dc4b217b-7543-46a3-96d0-1212b024aecd
8507,Prairie Creek Redwoods SP,GIS0000146,Park Unit or Property,104,94330060.484375,67191.40783195403,5f59c723-eb24-44fe-90df-1ed7cd8c4f97
8508,Providence Mountains SRA,GIS0000147,Park Unit or Property,538,35557912.046875,29936.552210745507,b972b0ce-979e-49c8-b0a7-3ebec056b14d
8509,Red Rock Canyon SP,GIS0000149,Park Unit or Property,577,154270519.6875,76475.39774832987,4ad011f0-ef7d-472b-a180-5b3e3866cd8c
8510,Reynolds WC,GIS0000151,Park Unit or Property,131,471878.9296875,4342.858806843501,1d23d410-5e6e-460f-92c6-f2d5bc313cce
8511,Richardson Grove SP,GIS0000152,Park Unit or Property,116,12470723.140625,26796.462612181313,73296135-b895-40da-84af-a46071d0d624
8512,Robert H. Meyer Memorial SB,GIS0000153,Park Unit or Property,590,215713.1875,3290.1844207623653,a2d9df08-ff14-4e8c-9b2c-f1c8269d5b5d
8513,Robert Louis Stevenson SP,GIS0000154,Park Unit or Property,215,34759631.3515625,60999.902190129185,02e9379b-b1ed-49e8-abc4-9ba193523517
8514,Robert W. Crown Memorial SB,GIS0000155,Park Unit operated by other entity,258,856801.41796875,5431.123768975331,894f5715-8b5d-40d7-80c1-a331916aca13
8515,Russian Gulch SP,GIS0000156,Park Unit or Property,141,8786595.546875,26299.618220261094,41508676-ea89-4be0-8de2-fc81cd582e12
8516,Saddleback Butte SP,GIS0000157,Park Unit or Property,543,18296336.62890625,21815.464001089727,a4ad5cf6-e3d1-4f6d-b61e-021c85fc3d3c
8517,Salt Point SP,GIS0000158,Park Unit or Property,248,37499216.21875,58186.670541195344,c005e002-c11f-4679-84cd-4b5d82ea3b3f
8518,Samuel P. Taylor SP,GIS0000160,Park Unit or Property,233,17072793.681655884,23322.226834443492,9d9aecc3-012c-4fa9-9c72-1db6cd712e5d
8519,San Buenaventura SB,GIS0000162,Park Unit or Property,515,779785.19140625,8275.304096747861,1819ff2d-081e-474a-9d6a-edd3c9ac8a8b
8520,San Clemente SB,GIS0000163,Park Unit or Property,611,728860.80859375,8830.347575823404,c18564ae-bc18-4c3c-8258-71dc20b0881b
8521,San Gregorio SB,GIS0000164,Park Unit or Property,273,2897207.87890625,13066.886717799194,a6d1d7ff-e5c3-471a-a754-e0dc4f8d6d06
8522,San Juan Bautista SHP,GIS0000165,Park Unit or Property,411,38599.47265625,1744.463239242739,eac652e7-76ac-472e-84e3-e16c3ed7a4e9
8523,San Luis Reservoir SRA,GIS0000166,Park Unit or Property,333,162905564.41796875,149263.20037297852,eb5c085b-838c-4d69-9289-e22508714eee
8524,Santa Cruz Mission SHP,GIS0000168,Park Unit or Property,433,12323.921875,512.0752010002586,9ad64694-4a11-45ac-900d-ded36c29caa7
8525,Santa Monica SB,GIS0000169,Park Unit operated by other entity,557,1293318.453125,15827.668226147303,e14c7cdf-3876-4ef1-a463-3257a5ce1058
8526,Schooner Gulch SB,GIS0000170,Park Unit or Property,164,348099.890625,3941.5527163464444,1abb66b9-ccb8-4827-a224-29161f11c746
8527,Shasta SHP,GIS0000172,Park Unit or Property,126,167768.015625,4616.921145327674,b28fd741-310c-4de6-8133-b1febd17ce6e
8528,Silverwood Lake SRA,GIS0000173,Park Unit or Property,592,18647945.9453125,36338.73753114722,b355592f-fd3e-4e4e-8b47-5b05cbaa5699
8529,Sinkyone Wilderness SP,GIS0000174,Park Unit or Property,133,55030945.52734375,106224.35146856368,ff02d7e4-8731-47b3-9a57-642fea0d1dd0
8530,Smithe Redwoods SNR,GIS0000175,Park Unit or Property,130,4803052.37109375,10779.798513899188,e5af439a-40e6-49a8-8152-67819e74f720
8531,Sonoma SHP,GIS0000176,Park Unit or Property,243,430700.7578125,5117.80775065716,662b2ada-0525-4fc6-a047-ed58b4ba4125
8532,South Carlsbad SB,GIS0000177,Park Unit or Property,652,679244.84375,17047.641715874357,c8f27be6-8ef3-4724-80c0-f5817ffbfedf
8533,Standish-Hickey SRA,GIS0000179,Park Unit operated by other entity,117,6952704.80859375,21709.862266712997,5f085637-8070-440e-80c9-49438d81187d
8534,Stone Lake,GIS0000181,Park Unit operated by other entity,355,7187263.28125,11048.92980178992,bfdc090b-3109-42dd-ac99-f7784b0cd515
8535,Sugarloaf Ridge SP,GIS0000182,Park Unit operated by other entity,247,31044762.8984375,47492.39517764337,c66121c2-3b69-4f58-9d5f-503891a39044
8536,Sunset SB,GIS0000183,Park Unit or Property,410,2402493.3203125,18049.4290986844,54efec13-6bba-4d7c-ab39-66dbfcf9ed5a
8537,Tahoe SRA,GIS0000185,Park Unit or Property,302,94921.43359375,2106.695029911448,18870130-4627-4e2a-a4a5-eb4c47f32c92
8538,Thornton SB,GIS0000186,Park Unit or Property,275,436600.91015625,4858.8239887790105,25042dd9-1e10-4069-b7c1-945ee9bcd74c
8539,Tolowa Dunes SP,GIS0000188,Park Unit or Property,134,30368118.8515625,70976.65584726242,e09d3cfc-56a6-4d9a-a9b6-ab6e3d4641d0
8540,Tomo-Kahni SHP,GIS0000189,Park Unit or Property,368,3468071.6484375,10974.201798487436,239bfcac-0466-4e0e-a929-bb1f62d89402
8541,Topanga SP,GIS0000190,Park Unit or Property,572,68194231.015625,128104.9669924994,4ded2d52-a5af-488b-8d60-8f4cbde84aa8
8542,Torrey Pines SB,GIS0000191,Park Unit or Property,631,387565.703125,17267.17316224681,15f701f5-66f4-42d6-9dfa-1fe7bfb0dade
8543,Torrey Pines SNR,GIS0000192,Park Unit or Property,630,8447978.62109375,33693.782397319475,501b499b-4570-466e-b079-1da792d50844
8544,Trinidad SB,GIS0000193,Park Unit or Property,107,1452535.6484375,7750.15182953976,f8fab4e0-1d25-4738-901d-664b0ac6bd58
8545,Tule Elk SNR,GIS0000194,Park Unit or Property,350,6012926.796875,18777.437459199013,71f4888f-8652-4208-9d78-c19b2d1cae7a
8546,Turlock Lake SRA,GIS0000195,Park Unit operated by other entity,311,22414786.16015625,47141.887773600116,8cff9720-0598-4b3b-ad09-fe97cd3c34fc
8547,Twin Lakes SB,GIS0000196,Park Unit or Property,422,722349.1328125,10292.552779531325,f91833f1-5bf0-4b71-ad0c-26b66d1107fb
8548,Van Damme SP,GIS0000197,Park Unit or Property,142,16340151.04296875,42784.12885845634,25da705a-ddb4-4762-88ba-96cf44f37f2b
8549,Verdugo Mountains,GIS0000198,Park Unit or Property,597,1498163.33984375,8495.141064164322,c46754e7-3793-4fb0-b92f-f61182052387
8550,Ward Creek,GIS0000199,Park Unit or Property,349,1204743.42578125,5175.280434136612,b1acc1b5-4907-4186-9685-071817c03b59
8551,Washoe Meadows SP,GIS0000200,Park Unit or Property,390,4261382.25,11188.399645004742,517c013f-0c3a-42b6-9d5e-7e54823b351c
8552,Wassama Round House SHP,GIS0000201,Park Unit operated by other entity,376,173164.140625,1963.157696262898,30b6e145-8724-4ef3-bf90-02731536835f
8553,Watts Towers of Simon Rodia SHP,GIS0000202,Park Unit operated by other entity,518,608.58984375,131.58513582301967,4ec0bfff-be51-4cf3-ae4e-31d01098c316
8554,Weaverville Joss House SHP,GIS0000203,Park Unit or Property,127,19205.83984375,599.4122797134636,72a44d6e-2d5c-4a70-bdd7-3b702ee7943c
8555,Westport-Union Landing SB,GIS0000204,Park Unit or Property,150,694633.77734375,13335.591706384299,92e3bf12-199f-4d92-9120-bc606370e3e0
8556,Wilder Ranch SP,GIS0000205,Park Unit or Property,456,49982866.50390625,138951.1185980789,8615e532-ae22-4285-965d-e40da70d83db
8557,Will Rogers SB,GIS0000206,Park Unit operated by other entity,562,583637.28515625,12062.311364087072,2c3b97df-cec8-466f-88e6-88b6b35bac61
8558,Will Rogers SHP,GIS0000207,Park Unit or Property,559,1122457.98828125,6613.104948429623,228e172f-5ec4-4599-9261-c8ff255fe81f
8559,William B. Ide Adobe SHP,GIS0000208,Park Unit or Property,128,40271.52734375,1318.5354122402362,ee1577b0-13a3-4be9-96c3-dbadb89dc725
8560,Zmudowski SB,GIS0000210,Park Unit or Property,450,1239412.19921875,9128.562254494173,eca2ef59-b26e-4997-9e08-185fe6a6cb30
8561,Bodie SHP,GIS0000211,Cooperative Mgmt Area,324,38807547.78125,66145.78359756082,ee3f5cb9-e8a8-47e3-964a-8b133ec50d78
8562,Pescadero Marsh NP,GIS0000212,SubUnit,283,3734558.0575408936,10615.041142645192,503f0f4b-d96a-434b-93c4-6189e52074dd
8563,Wilder Beach NP,GIS0000213,SubUnit,466,394705.3203125,4323.173505644234,ff8ef6be-7754-4392-a7de-77f789253c23
8564,Marina Dunes NP,GIS0000214,SubUnit,932,653779.07421875,5760.991168913529,0014fe8f-0a3c-435f-b2f0-271b396ee861
8565,Morro Rock NP,GIS0000215,SubUnit,445,272154.98828125,2117.5376832292627,a417d440-cd2b-4aff-b46a-a63168c08b03
8566,Santa Clara Estuary NP,GIS0000216,SubUnit,568,872622.3130989075,4440.652155134142,e3361c3c-8bd8-482f-8568-75afde15041e
8567,Mitchell Caverns NP,GIS0000218,SubUnit,531,3623053.390625,7856.892804884985,f1a50a2b-92af-4d70-a919-c63b10e2751d
8568,Cardiff SB,GIS0000220,Park Unit or Property,621,2961494.56640625,7302.8191433762495,6b6c1188-9119-479e-ba4d-553dcc5f340e
8569,San Elijo SB,GIS0000221,Park Unit or Property,654,3220307.87890625,7605.278048600265,5f5e6d38-91d0-4a3a-8dc0-1f14fa35cf63
8570,Moonlight SB,GIS0000222,Park Unit operated by other entity,638,91329.609375,3433.9851804199157,f07d85f2-49b7-475a-919a-620525345bc1
8571,Leucadia SB,GIS0000223,Park Unit operated by other entity,634,92134.15625,4103.7923305708155,ee89f4e4-20bb-4d74-ba78-8ca0a618bee0
8572,Cardiff SB,GIS0000227,Underwater Park,621,2793726.02734375,6861.3647149031285,20b0ff7c-a593-4721-8ec1-a2bc3a60295f
8573,San Elijo SB,GIS0000228,Underwater Park,654,2941037.42578125,7387.595480362694,125a8ed8-cb23-4161-ab6c-f77d7339e3b4
8574,Kings Beach SRA,GIS0000229,Park Unit or Property,343,105461.10546875,2205.411839334395,faabecf5-98a2-4d88-b82e-cec8b072eedf
8575,Russian Gulch SP,GIS0000230,Underwater Park,141,286986.30078125,5613.080027723891,fa74000f-6d05-4914-be31-95ef88f30f30
8576,MacKerricher SP,GIS0000231,Underwater Park,146,3082904.83203125,17220.057913479828,33267cd5-60e3-455f-9e2a-ead3318d6174
8577,Manchester SP,GIS0000232,Underwater Park,147,25852636.21484375,21472.31622784601,0c6d8cdf-8fc4-4bf4-ab6d-880fb05e8864
8578,Salt Point SP,GIS0000233,Underwater Park,248,6912323.08203125,16651.514829616193,ccb00e58-c0cc-4ae5-a342-9df630e57f7f
8579,Fort Ross SHP,GIS0000234,Underwater Park,207,577857.29296875,7062.98445939926,179acb79-b746-4be2-b4b4-01e895eedc09
8580,Julia Pfeiffer Burns SP,GIS0000235,Underwater Park,462,11756493.59765625,16878.076761868302,b37d4bf9-b814-4949-98f0-e344b6d35dbf
8581,Point Lobos State Marine Reserve,GIS0000236,Marine Managed Areas,449,4831225.55078125,20439.623730156713,4ef0b99c-e09f-45d9-b08d-ca6532106c3e
8582,Refugio SB,GIS0000237,Underwater Park,527,4720902.34375,12950.097580922542,55189dd6-9642-44fd-9cd8-487a2f9e4944
8583,Crystal Cove SP,GIS0000238,Underwater Park,594,7158534.04296875,14298.7924308746,a8a20f3d-915f-470e-b6c5-da3bd2f3dcab
8584,Doheny SB,GIS0000239,Underwater Park,610,1243359.32421875,5707.00488612394,6f9de61d-8cf9-4b55-a9fb-9b64f085b791
8585,Emerald Bay SP,GIS0000240,Underwater Park,313,4798855.8359375,16371.659017283911,0ae4fec5-3829-43b8-8fdf-14e1bca6c874
8586,D.L. Bliss SP,GIS0000241,Underwater Park,303,2635871.58984375,12766.888275967025,664fb343-2881-420b-b246-7ff10e505827
8587,Rio de Los Angeles State Park SRA,GIS0000242,Park Unit operated by other entity,563,344342.62890625,5653.2268972666725,1c34242d-1615-407b-934b-90aefe078216
8588,Calaveras South Grove NP,GIS0000243,SubUnit,305,8565184.96484375,16644.20695564337,82b133ef-d03c-481e-96ee-fd9945a85873
8589,Gaviota SP,GIS0000244,Park Unit or Property,542,16260399.296875,67050.00486858402,f2f65e86-b01a-41f9-aa8f-9d184bb985d0
8590,The Forest of Nisene Marks SP,GIS0000245,Park Unit or Property,465,63477972.125,69550.46260539237,fe01e005-8c76-4f30-b4e1-da33b8bf319a
8591,Los Encinos SHP,GIS0000246,Park Unit or Property,546,32557.65234375,806.4605114107676,016ce121-962a-4bc0-af1b-0b287573b87b
8592,Los Osos Oaks SNR,GIS0000247,Park Unit or Property,746,518266.63671875,3859.8867189854586,b5ac1c8b-ed2b-4f39-8580-dfb8032dd605
8593,Pfeiffer Big Sur SP,GIS0000248,Park Unit or Property,448,8360426.31640625,28502.911295865924,24724b5f-3b44-45cf-884d-85043ea7e120
8594,Henry W. Coe SW,GIS0000249,SubUnit,969,143182551.078125,74974.86478029787,4df96a1e-132c-4659-8067-0b3fe4c8f5fb
8595,Colonel Allensworth SHP,GIS0000252,Park Unit or Property,341,6225852.12890625,15735.885997074267,7eac8142-129b-4e05-b0af-416c009b0f94
8596,West Waddell Creek SW,GIS0000253,SubUnit,908,39976995.36328125,57220.72057772872,6ba2e3f1-4dd8-41f6-85f7-9f50b11d391b
8597,New Brighton SB,GIS0000255,Park Unit or Property,408,989061.36328125,11265.46059546484,ddb4609f-eff4-45be-80a5-84205800edd9
8598,Bean Hollow SB,GIS0000257,Park Unit or Property,266,311376.0234375,8137.357210330486,1254d629-b378-403f-b5b5-95866689d8dd
8599,Water Canyon NP,GIS0000258,SubUnit,984,9899590.41796875,26698.291722450653,33a24457-d4af-4496-8dec-874275ac8481
8600,Murrelet SW,GIS0000259,SubUnit,986,46875528.50390625,40381.03693574476,98faeb08-08e5-4edb-8734-0464dcc3e31b
8601,Redwood Heritage SW,GIS0000260,SubUnit,987,36291243.6953125,39684.58393785378,6fad0824-ca66-4e26-b935-afc7de72cbbb
8602,"Carl ""A"" Anderson Redwoods NP",GIS0000261,SubUnit,956,26043729.2109375,25239.180612393862,7008d78f-b638-4f80-b72a-1e771a1bdc5d
8603,Woodson Bridge SRA,GIS0000263,Park Unit operated by other entity,129,2393781.51171875,11580.421562467329,8a3e76dd-af5d-48d3-bafd-c9418623cb25
8604,Woodson Bridge NP,GIS0000264,SubUnit,122,1573080.5703125,5842.171434434403,c2dbd669-a3c3-4139-a76d-d4eb83fec00f
8605,Caspar Headlands SB,GIS0000265,Park Unit or Property,161,857515.859375,10629.547362473186,d4d85112-a2fd-492e-86ad-9f711ee96289
8606,Caspar Headlands SNR,GIS0000266,Park Unit or Property,160,22359.453125,1262.024264618931,6c3f2037-41de-4492-9898-236a78e16c73
8607,Pa-nu CP,GIS0000268,SubUnit,989,86547.96484375,1658.058060481627,8d8b1ddc-f6e6-4d56-889c-1839893bf9b9
8608,Civilian Conservation Corps CP,GIS0000269,SubUnit,977,2374235.33203125,10912.495987028493,814c81ee-46e4-42f1-ba83-ed0feff9d724
8609,Ohlone Coastal CP,GIS0000270,SubUnit,973,198253.5625,3371.8202498869014,c878ae0f-0a69-4331-8f7d-4c0747f2abb5
8610,San Timoteo Canyon,GIS0000271,Park Unit or Property,506,6172516.8046875,15380.39561569499,35b6bb9e-3a69-4550-b14e-d2e0c9308bd2
8611,Admiral William Standley SRA,GIS0000272,Park Unit or Property,118,317970.1484375,3037.3515996537035,1be134dc-3f6d-4745-bccf-e68d951262c9
8612,Mendocino Headlands SP,GIS0000274,Park Unit or Property,158,51214557.91015625,85658.65424802799,ed7436fc-f641-466c-bbd8-cb70415e569c
8613,Sutter Buttes SP,GIS0000275,Park Unit or Property,132,11954140.67578125,15878.243057295402,e177324d-1970-453f-aacb-e38f36554a8d
8614,Tomales Bay SP,GIS0000276,Park Unit or Property,237,15918684.60546875,69324.13647872908,7e5794ab-1601-4279-86f1-3eb8c517d3c0
8615,McLaughlin Eastshore SP (SS),GIS0000277,Park Unit operated by other entity,220,12560245.3046875,49524.38649043084,24bf4476-f84b-4107-b574-7474c7e395e7
8616,Castle Crags SP,GIS0000278,Park Unit or Property,124,26636887.53125,50771.94772338749,caca7997-32b0-4c0d-8827-6194d8843e9c
8617,Southampton Bay Wetland NP,GIS0000279,SubUnit,981,1184171.609375,7130.507581055557,ecc9ef5f-4b99-42d1-8210-0f41eeba9e95
8618,California State Mining and Mineral Museum,GIS0000280,Park Unit or Property,707,2091.90625,213.84207481948556,7e145521-21eb-490f-9515-3dc567320a98
8619,Pajaro River Mouth NP,GIS0000281,SubUnit,934,648049.06640625,4186.678652071357,3294b4de-c6ab-4785-b444-37f0656db4d5
8620,Hagen Canyon NP,GIS0000283,SubUnit,583,6998803.4453125,23398.04992562072,92708c93-086b-499d-abb6-02aefaa4cad8
8621,Red Cliffs NP,GIS0000284,SubUnit,585,2367542.12109375,10492.515335603644,0d8efee7-189d-4d67-8c75-353fe3680c13
8622,Carmel River Lagoon and Wetland NP,GIS0000285,SubUnit,971,331165.65625,3459.7068434723656,c39123bc-2208-401a-83ce-4b18e3b295da
8623,Pismo SB,GIS0000286,Park Unit or Property,446,9154464.48046875,46276.826490048275,8dd3edec-1efd-4765-a706-1a2907fccc82
8624,Henry W. Coe SP - Sillaci Conservation Easement,GIS0000287,Cooperative Mgmt Area,432,9076192.21875,14864.483231134265,b1871579-edfd-410f-897e-2d30e46949cb
8625,Martial Cottle Park (SRA),GIS0000288,Park Unit operated by other entity,229,873870.671875,4748.390050624063,dc8b8fcd-e5f0-41df-9356-5acb34d2e0fc
8626,Santa Susana Pass SHP,GIS0000289,Park Unit or Property,505,4054511.9765625,20136.439031796956,2e12090d-fde4-446f-9816-ee6811d69ab2
8627,Jack London SHP,GIS0000290,Park Unit operated by other entity,241,9798947.583384454,25698.5359765357,0264d943-6e85-4247-8fd3-9c4598d7eece
8628,Jack London SHP,GIS0000291,Cooperative Mgmt Area,241,1173230.4595470428,5463.063993209383,b317e653-f04d-46f6-b9f6-4c76f67e9d42
8629,TSRA Outliers - Klausen Property,GIS0000292,Properties not operated as CSP units,302,31655.4296875,849.0471600649339,385c5ead-ed3b-4948-88ce-3f7e0ad55371
8630,TSRA Outliers - Gate Keepers Cottage,GIS0000293,Properties not operated as CSP units,302,22026.28125,988.00465556402,2b22e8e1-0bcf-44b3-b43a-3d0b60673a74
8631,Theodore J. Hoover NP,GIS0000295,SubUnit,958,142247.71875,1713.7959120605121,685383d6-52c1-40b4-995e-a62eb1486b96
8632,Bull Creek SW,GIS0000296,SubUnit,957,74783623.4296875,79019.94686873746,d4e1b303-ad7a-48fb-9a73-f5c0cc26f745
8633,Wilder Dairy CP,GIS0000297,SubUnit,464,274315.37109375,3295.9370891152216,dd32e535-7244-4da9-b983-f32cf3469455
8634,Stillwater Cove,GIS0000298,Properties not operated as CSP units,210,377275.6015625,4907.4647352117,f9599cd3-f482-4de6-be59-9bc768f2926b
8635,Pilcha (West Mesa) CP,GIS0000301,SubUnit,959,8233901.875,11467.968337594362,e15460cd-78b8-47dc-837a-eaf78b32dcf1
8636,Kumeyaay Soapstone CP,GIS0000302,SubUnit,962,780347.125,3576.7235595617594,843fd198-35ef-41cc-92b2-bac347b24449
8637,Providence Mountains SRA - Designated Hunting Zone,GIS0000305,Special Use Areas,538,13727936.0078125,27653.694120133336,ad5aec09-8791-4ca3-a57f-0c20edf38251
8638,Point Sur Dunes NP,GIS0000307,SubUnit,992,96878.60546875,1673.6791348063293,f1a81c7d-4ff5-4def-8c72-f400cf00b1b3
8639,Clear Lake SP,GIS0000308,Park Unit or Property,218,3912592.95703125,18410.66251521799,031d78a4-1589-4bdb-af3a-342dc328371f
8640,Clear Lake SP,GIS0000310,Cooperative Mgmt Area,218,112329.1171875,2384.1424012504644,22def6f9-98e0-4331-b4bb-0606afa154eb
8641,Asilomar SB,GIS0000311,Park Unit or Property,436,669196.515625,9920.264079054801,f48edcd0-79ce-424c-bbad-079a763262b6
8642,Topanga SP,GIS0000312,Cooperative Mgmt Area,572,45593.0078125,1445.81181128075,c551eb4c-0613-4186-8c7e-f2512b589e0e
8643,Pan Pacific Park,GIS0000314,Divested Units and Properties,501,161216.03125,2346.9613714362413,d5ef79c2-6084-4667-b531-8a9f68acf92c
8644,Indio Hills Palms,GIS0000315,Cooperative Mgmt Area,646,23770.96875,1904.8954348333618,5e3eb384-415b-4c78-a61a-bdb9a2338b17
8645,Robert Louis Stevenson SP,GIS0000316,Cooperative Mgmt Area,215,3434561.80859375,9948.285634617161,b9a14adf-7536-458e-a2df-0e1db15ec084
8646,Ahjumawi Lava Springs SP,GIS0000317,Cooperative Mgmt Area,190,56400.2734375,6620.100993154966,9870e9da-d5ca-4e21-95e6-151aca2b71f8
8647,Ahjumawi Lava Springs SP,GIS0000318,Park Unit or Property,190,46448988.5703125,56981.09929986914,e2d599f1-0946-492e-8f48-985117f6347d
8648,John Little SNR,GIS0000319,Cooperative Mgmt Area,438,229.73828125,76.00412960966914,1f372594-f3ee-4f21-9331-6d2c3a0afa08
8649,San Luis Reservoir SRA - O'Neil Forebay Wildlife Area,GIS0000321,Properties not operated as CSP units,333,5177327.33984375,13080.877900183144,b7e2e631-7032-4d46-bfcd-75c7ebe67134
8650,San Luis Reservoir SRA - Dam Operations Area,GIS0000322,Properties not operated as CSP units,333,6363754.64453125,23106.236736674997,72d18ee3-5aa2-4fad-801b-a7853740d625
8651,Huntington City Beach,GIS0000323,Properties not operated as CSP units,534,410262.734375,9508.056719303597,41644709-6930-4af1-89ee-fe7bc6bba7b7
8652,Bolsa Chica SB,GIS0000324,Park Unit or Property,534,760572.93359375,12314.296007766972,5dfd1369-7ca9-46a9-b047-a06df1bb948b
8653,Morro Dunes NP,GIS0000325,SubUnit,975,5446295.22265625,18728.610157881285,56fc0710-837e-4846-93b2-b412962bedb4
8654,Morro Estuary NP,GIS0000326,SubUnit,974,5145804.926351547,13581.876552284457,1c9b405c-287a-4272-8b2b-9e10c3aad692
8655,Heron Rookery NP,GIS0000327,SubUnit,471,36061.76171875,828.0590216871631,f20c1235-b9f3-48bc-8776-654e3f369009
8656,Point Dume NP,GIS0000328,SubUnit,991,191907.70887684822,2088.159648108957,2bc7d403-6f18-40f8-b205-e201d8c890cb
8657,Tomo-Kahni SHP,GIS0000329,Cooperative Mgmt Area,368,53401.5390625,9424.139933298493,d42e0531-df73-4cfa-bcac-0ed7b5eeaa2a
8658,Morro Strand SB,GIS0000330,Park Unit or Property,442,1179867.37109375,14335.987218895048,337e9fbc-54ff-4715-bb40-94c4450c1bf7
8659,Morro Strand SB,GIS0000331,Properties not operated as CSP units,442,11239.0625,713.4509878628336,ed910d6e-cc10-4923-810e-e64bb398c42e
8660,Doane Valley NP,GIS0000332,SubUnit,675,2605630.76953125,7494.775826778226,097ba844-2207-4904-b4a0-92aaf1862fa0
8661,Palomar Mountain SP School Camp,GIS0000333,Properties not operated as CSP units,617,134987.48046875,1495.0870170453725,3ced281f-09c6-4854-a659-884981a2c652
8662,Sutter Buttes,GIS0000336,Cooperative Mgmt Area,132,38862.44921875,9893.858797658868,b0079654-2f9b-4e0e-ba25-4d9c5b0aced5
8663,Burton Creek SP,GIS0000337,Cooperative Mgmt Area,348,1115.8046875,187.23397369149856,29db89ae-167f-4361-a0a1-486672ab49f7
8664,Humboldt Lagoons SP,GIS0000338,Cooperative Mgmt Area,105,7370.81640625,854.4918728482871,f81af0a5-49e8-45ae-b84f-8363823b34f5
8665,Hearst San Simeon SHM,GIS0000339,Park Unit or Property,494,1228360.8238847256,28443.648220696014,99ccac2f-d444-4eee-9a2c-5ca28f40d98a
8666,Santa Rosa Creek NP,GIS0000340,SubUnit,978,213257.9577741623,2049.417964255199,62d57461-27ac-4aa8-8094-6b85058554fc
8667,Hearst San Simeon SP,GIS0000341,Cooperative Mgmt Area,487,3735207.765625,21861.542640684274,49e0a0b9-172e-43ce-b57a-77b222f38f48
8668,San Simeon NP,GIS0000342,SubUnit,979,1757044.329832077,9017.962427104594,c30bfaf8-0fca-4e3f-9245-ab98434cc9a5
8669,Hearst San Simeon SP,GIS0000343,Park Unit or Property,487,10511434.83203125,80882.38344550667,49a61550-1398-41bc-bacc-a94aec09069a
8670,Edwin L. Z'berg NP,GIS0000344,SubUnit,342,962596.73828125,4450.516597996381,6b4e3b76-0e78-46b1-b92b-c7afcc8d774b
8671,Angel Island SP,GIS0000345,Cooperative Mgmt Area,231,143153.99609375,6468.679924115433,5b268fe0-79ec-4b82-a190-896a7375dce2
8672,Trestles Wetlands NP,GIS0000346,SubUnit,923,446271.7297101021,3282.6218975781385,276ac7c9-6baa-4b03-b1fb-99077cf47961
8673,Pacifica SB,GIS0000347,Park Unit operated by other entity,230,142021.71484375,3256.9709998084636,d248e591-74c5-41d1-8d91-8da8288759d2
8674,Salinas River Mouth NP,GIS0000348,SubUnit,933,399484.94921875,3380.8497402739276,513c6027-046e-4171-bcdf-2f74c2ee3ea1
8675,Salinas River SB,GIS0000349,Park Unit or Property,451,1767912.671875,17656.21680942211,efb92347-7d67-48d3-943b-1f88457c4057
8676,Salinas River Dunes NP,GIS0000350,SubUnit,931,605970.828125,6662.299348308845,37421fa0-57f0-4f73-ac24-88a2be3d4708
8677,Mount Diablo SP,GIS0000351,Park Unit or Property,203,122621251.48046875,113003.31822014089,c1952fe9-8f55-4ec2-8075-f50fcaee7e99
8678,Kaslow NP,GIS0000354,SubUnit,903,11732570.23828125,18434.368946268565,23d750d8-2fbd-426d-b673-2662729adecf
8679,Liberty Canyon NP,GIS0000355,SubUnit,902,4772519.921875,15843.210394083211,5ab76a27-8a73-4574-83f4-c9e72975c899
8680,Udell Gorge NP,GIS0000356,SubUnit,907,1322765.80078125,6332.628191409015,bd2cbc52-679f-4c7d-9208-08614e70ed71
8681,Moore Creek Wetland NP,GIS0000357,SubUnit,976,94279.25,1710.4711039406882,825c2cec-448d-4b5f-8e55-4b7b824aced3
8682,Monarch Butterfly NP,GIS0000358,SubUnit,924,107371.70703125,1429.8291065601531,43e1312d-3d8d-4b6e-b522-9455ae0c6e4d
8683,La Jolla Valley NP,GIS0000359,SubUnit,571,7445564.23828125,14893.532328607009,f579b715-c035-44bd-bcf2-726304f3fb4d
8684,Fort Ord Dunes SP,GIS0000362,Park Unit or Property,476,5825517.1953125,19820.097922459605,e9d85aba-fb57-49ad-9904-8968e7aeff27
8685,We-Nelsch CP,GIS0000363,SubUnit,626,2504659.2109375,7415.802987723203,965a68ec-c6a3-415b-aae6-c981ffcb3b65
8686,Folsom Lake SRA - Nimbus Fish Hatchery,GIS0000364,Properties not operated as CSP units,318,477339.41796875,5174.464116793072,b6ffdef6-f1d2-44d9-b2cd-7a6d1a335b82
8687,Mormon Island Wetlands NP,GIS0000366,SubUnit,946,655437.7890625,4124.16389742434,0fcc4d60-7cf6-4cd3-83fe-de27370dfad5
8688,TSRA Outliers - Skylandia,GIS0000367,Properties not operated as CSP units,302,290889.98828125,4606.648116494715,7c787136-9e0d-4b6a-9b4e-a3007113b602
8689,Least Tern NP,GIS0000368,SubUnit,988,51661.19921875,911.4955888653928,40acbb9d-ca17-449d-93da-7998bb19a380
8690,Agua Caliente County Park (ABDSP),GIS0000369,Park Unit operated by other entity,622,3927031.64453125,11463.333067902116,009fc1a3-c3a0-48f1-9bbc-5cc3c1624ec3
8691,Tatavium CP,GIS0000370,SubUnit,968,3309653.2265625,13500.217605716178,2aa05328-1b37-4a69-ae83-aad5a3571610
8692,Hungry Valley Oak Woodland NP,GIS0000371,SubUnit,967,450226.2421875,3468.1859164538214,f5f804f1-774c-4992-8739-47146774c00f
8693,Santa Rosa Mountains SW,GIS0000372,SubUnit,627,795424488.7578125,275292.3841180758,035823a9-bc06-4110-a455-d5613cba3908
8694,FLSRA - Dam Operations Area,GIS0000373,Properties not operated as CSP units,318,1627700.6763091087,7261.407811852226,1ba723bf-3854-4a45-91c7-f3b4d482f596
8695,Mount San Jacinto SP,GIS0000374,Park Unit or Property,616,79902380.4609375,53936.92435300455,d60720bf-ac0f-4bfc-8341-e62472564ba3
8696,Mount San Jacinto SW,GIS0000375,SubUnit,619,72648692.265625,63690.71437234228,05c490bc-f3f6-4a42-96d1-a71b455c04f1
8697,Los Angeles SHP,GIS0000376,Park Unit or Property,578,189496.05848491192,2860.7035717021413,95140382-9064-48f0-887a-ec52eff0cc69
8698,Hidden Divide NP,GIS0000377,SubUnit,960,1487854.4140625,6384.5406661428715,524ce52f-27dd-40c2-9f76-0fb3d6a5cf3a
8699,Bidwell Mansion SHP ,GIS0000378,Cooperative Mgmt Area,139,621.6171875,103.20471515346166,5c07bc3b-f195-4921-855d-0669f96e9a50
8700,Manresa SB,GIS0000379,Park Unit or Property,416,918899.5859375,12988.581651263012,36f3e1c8-8da1-4ff3-a8a0-5882c4fb67f7
8701,Gorman CP,GIS0000380,SubUnit,919,1200387.65625,4958.5259270346305,3eeb83d2-83f3-43e3-894a-1abe95a054a3
8702,Franks Tract SRA,GIS0000381,Cooperative Mgmt Area,329,18885.6953125,2127.760512911359,b58b5073-b3b5-46e1-8eb8-41a950682fd5
8703,Fort Ross SHP,GIS0000382,Cooperative Mgmt Area,207,4945.96875,332.796798919662,5d08d912-d0f7-4491-b43a-2e183b89eace
8704,Freeman Canyon CP,GIS0000383,SubUnit,920,1449838.328125,5861.744855100691,3392cd34-2d6b-467d-811b-28806dd43020
8705,Sinkyone SW,GIS0000384,SubUnit,994,48724747.62109375,121047.24603124277,cf8d5f2e-fa8b-4243-9bcf-b7fba75a9dee
8706,Sunset Wetland NP,GIS0000385,SubUnit,939,277975.66015625,2955.4432977168376,3e4a5f62-8431-4f5a-bfc6-96f0b7baeab8
8707,Silver Strand NP,GIS0000386,SubUnit,921,233946.94140625,4312.816488275817,812c4889-7579-472c-be4d-edc25b4c849d
8708,Pismo Dunes NP,GIS0000387,SubUnit,459,4206867.3046875,11202.641000474077,7b46cc66-982a-46e7-988c-44720e1ab254
8709,Los Penasquitos Marsh NP,GIS0000388,SubUnit,640,1229504.00390625,10791.336671988047,6990bd70-40c3-4c8c-b8d3-994fef16088f
8710,Inglenook Fen-Ten Mile Dunes NP,GIS0000389,SubUnit,949,10357737.26953125,22303.430418780856,7c8a1ba3-af78-4c78-9df8-57e5273c6f85
8711,Arena Rock Marine NP,GIS0000390,SubUnit,930,3352471.5703125,8577.688737376808,187a7378-1e4a-43c4-9bf0-1f886fb583d3
8712,Van Damme SP,GIS0000394,Underwater Park,142,136858.33984375,1851.4192900289117,b87b8388-4433-4c13-8d1c-cde10c4b9dce
8713,Van Damme Pygmy Forest NP,GIS0000395,SubUnit,982,1274373.51171875,5739.707535111221,412d167b-1a04-4c8f-90f7-c6200e6aff0f
8714,Jug Handle SNR,GIS0000396,Cooperative Mgmt Area,154,117714.58203125,2095.231442071732,6d4618f1-1de5-4eb7-8a4d-17d3f19ce650
8715,Nicholas Flat NP,GIS0000397,SubUnit,983,3459740.015625,8736.215493129703,3e401697-50e4-4f62-aceb-a81f9b1e4c5c
8716,Lake Davis Wetlands and Coastal Dunes NP,GIS0000398,SubUnit,948,3363746.19921875,11646.054336510459,6b630c65-87dc-4655-8083-b37b73987635
8717,Brush Creek/Lagoon Lake Wetlands and Coastal Dunes NP,GIS0000399,SubUnit,947,4385174.38671875,19295.142924226235,af20968a-e464-404e-95f9-d37e56db3a2f
8718,Harmony Headlands SP,GIS0000400,Park Unit or Property,745,4513144.8203125,10644.192490917307,5a0d3dac-40cb-4fb6-9f42-758bb272ee12
8719,Estero Bluffs SP,GIS0000401,Park Unit or Property,749,2354292.065979004,16531.60284636964,0b949ea8-7c48-4d34-9a4c-05ca5c1170c2
8720,Kechaye CP,GIS0000402,SubUnit,904,2575489.1640625,7613.019301916762,0ed7601a-de8a-4dce-b6bb-6d329d55c178
8721,Anderson Marsh SHP,GIS0000403,Cooperative Mgmt Area,701,13044.0390625,574.7398249572082,4c96957f-08de-4ee9-8148-d812d9e88c8c
8722,Anderson Marsh SHP,GIS0000404,Park Unit or Property,701,9067500.08203125,19712.383846133824,79b65c28-6c83-4ea6-bfc2-89c3395d087b
8723,Sonoma Coast SP,GIS0000405,Park Unit or Property,209,65682255.4296875,156477.4851258048,f9bb7326-f0b3-491c-8e7d-4039b2e3d1b5
8724,Sonoma Coast SP,GIS0000406,Underwater Park,209,3781206.45703125,17415.568411892535,e1d093bb-2d73-4ed5-bb89-cd2776b5893a
8725,Fremont Peak SP,GIS0000407,Park Unit or Property,412,1001861.9453125,5080.874792436993,0e3cda7e-f544-4e37-b40e-f846392f957a
8726,Fremont Peak SP,GIS0000408,Cooperative Mgmt Area,412,4760.57421875,1212.66497935067,33b9fbc6-361f-4b49-8956-c750ccdb4a90
8727,McGrath SB,GIS0000410,Cooperative Mgmt Area,567,17285.70703125,4130.825609814209,bf985925-6ff0-4850-a88c-2c64302ea1c3
8728,Carlsbad SB,GIS0000411,Park Unit or Property,612,226002.015625,6966.107191409712,941a22e2-2ef2-478f-af18-7865644fd816
8729,San Diego District Office Bldg,GIS0000412,Properties not operated as CSP units,403,2468.1328125,245.09005102711063,ac1d15cf-5fee-43d4-9ca1-27814deea368
8730,Emeryville Crescent SMR,GIS0000418,Marine Managed Areas,225,2370700.5859375,6279.708410981499,c5555385-9a7b-47cc-b15b-714376d4b356
8731,Albany SMR,GIS0000419,Marine Managed Areas,223,1183776.1484375,7948.912566759285,ea92281d-10a7-4639-ad42-cbb6b20a7e86
8732,Great Valley Grasslands SP,GIS0000421,Park Unit or Property,352,18451351.21484375,38085.12657617709,c48b18ab-34fe-4fe1-9e6f-94f233b4457f
8733,Coyote Canyon CP,GIS0000424,SubUnit,613,173057426.61328125,173998.5180580564,4ed86826-7d6d-4015-8b36-c476f6f5a545
8734,Culp Valley CP,GIS0000425,SubUnit,620,7404439.82421875,20619.309548749363,a4904222-e6ed-4f8a-ae01-56e70b0695dd
8735,Little Blair Valley CP,GIS0000427,SubUnit,629,27458847.23828125,32976.4924366738,fa39bdae-c243-4f55-873e-93cfdd0dd645
8736,Piedras Grandes CP,GIS0000428,SubUnit,608,11021185.2734375,16317.553908479853,4f8f292d-9e30-4892-a445-5746942a924d
8737,Southern Overland Trail CP,GIS0000429,SubUnit,609,1811416.59765625,70041.38679567545,56872086-5ba2-4e98-80e6-1ffce67ee852
8738,Cambria SMP,GIS0000430,Park Unit or Property,401,24303396.07421875,30286.931455566064,261d6a15-7063-4e4e-879e-a2e378757ab4
8739,Limekiln SW,GIS0000431,SubUnit,463,2829172.8671875,12313.168123917932,4139755f-99bf-479b-9968-62a183a5531c
8740,Mount Diablo SP - Morgan Territory Regional Preserve,GIS0000432,Park Unit operated by other entity,203,3556847.921875,8076.0457608746365,fbb7988a-18b0-4a36-9bf8-90c404492b67
8741,Mount Diablo SP - Diablo Foothills Regional Park,GIS0000433,Park Unit operated by other entity,203,2301276.0546875,8732.91967117985,020e943b-f2fb-4bd9-a1c1-1a3b70f12b01
8742,Hawi-Vallecito CP,GIS0000438,SubUnit,632,25288693.921875,89653.94874375114,ece1d1c9-af02-4627-a245-6ab507aa2201
8743,Santa Ines Mission Mill,GIS0000439,Park Unit operated by other entity,509,239314.5390625,2800.807691098546,d7b52329-67f5-409b-bde0-9286c2056a50
8744,Ellen Browning Scripps NP,GIS0000440,SubUnit,633,394346.41015625,3260.551554684534,63f41279-7a44-4fc6-a7a6-d62d8921b779
8745,Anza-Borrego Desert SP,GIS0000441,Park Unit or Property,622,3624759045.9726562,1413957.8628022012,2c30a104-ac4b-4d78-a0c7-7316b09972c7
8746,California Citrus SHP,GIS0000442,Park Unit or Property,570,1464593.11328125,12231.846302412167,f18312f4-5089-42d9-8eb7-6a4f83c22803
8747,Los Penasquitos Marsh NP,GIS0000443,SubUnit,,1150103.921875,7748.3266754341985,fec71bff-7bde-49ab-a6e6-314dca964cea
8748,Topanga CP,GIS0000445,SubUnit,582,939127.05078125,9365.047611924676,6e555641-3d0a-416a-81c6-a1a99e6ba4b8
8749,"Eastern Kern County, Onyx Ranch SVRA",GIS0000447,Park Unit or Property,331,161125524.36328125,377332.17116000934,ffbf41f0-3847-421d-8571-4b66d09c27a3
8750,San Lorenzo Headwaters NP,GIS0000452,SubUnit,985,11438416.8765831,22110.721550991355,7325ae6c-5957-4116-a13c-04ad85b9d1f1
8751,Ed Z'berg Sugar Pine Point SP,GIS0000453,Park Unit or Property,339,14953549.62890625,24440.72404648703,5e2bab76-5005-413d-a331-57a1b9a8fbef
8752,Auburn SRA,GIS0000454,Park Unit or Property,398,205206176.796875,273959.98258795484,01bd88b5-d421-4c99-b45f-712a7b8505b3
8753,Mokelumne River Berm,GIS0000455,Park Unit or Property,330,109370.28515625,2253.469129535006,cd4f362d-55a9-46c6-8a3e-3c63fc4ed4b7
8754,Long Beach Marine Stadium,GIS0000456,Park Unit or Property,536,7836.4140625,391.91018451118254,b329e77b-9dff-4ebe-8bb5-fe771282e02a
8755,Cuish-Cuish (East Mesa) CP,GIS0097806,SubUnit,961,8879977.52734375,17720.13558529407,b4216e73-2d78-4a71-83d5-d75861770b82
8756,Ah-Ha-Kwe-Ah-Mac/Stonewall Mine CP,GIS0097807,SubUnit,909,10264942.09375,30461.667058253563,30179eca-596f-418f-9978-543840fd79ed
8757,Cuyamaca Meadow NP,GIS0097808,SubUnit,980,5947152.6484375,34004.866329986566,38e301ac-19cb-429c-8ebf-dd0c81d8cda7
8758,Cuyamaca Mountain SW,GIS0097809,SubUnit,906,72074397.4140625,115512.5017317516,43bf1d04-2104-4fc7-8592-fe3cdbfe588e
8759,El Capitán SB,GIS0000273,Park Unit or Property,519,15812235.45703125,50860.30071186669,cdea274c-4bd9-41d9-8440-419725581cca
8760,Salton Sea SRA,GIS0000159,Park Unit or Property,623,90072588.61328125,125653.6417900987,fcd409cc-aede-46b3-b8de-d9b89f30f417
8761,Refugio SB,GIS0000150,Park Unit or Property,527,5599828.0859375,22350.390156285157,7386129a-4561-4d52-8aa8-d24f338fc454
8762,Point Lobos SNR,GIS0000139,Park Unit or Property,449,7650251.7109375,12417.841722048628,a1a71456-7280-44ca-b5c7-ece1822109a2
8763,San Jose Creek NP,GIS0124807,SubUnit,997,181129.1171875,5251.730883540427,ffac7252-52da-4350-9ba4-261482388b82
8764,Point Lobos Ridge NP,GIS0125307,SubUnit,998,3478221.9140625,9202.627375161357,3b1f8566-5d14-4a4e-9b2a-deb888890c43
8765,San Jose Creek NP,GIS0133052,SubUnit,997,138630.87890625,3559.3524448680405,6e718242-8489-4d31-8d25-ca6f1ed68937
8766,San Jose Creek NP,GIS0128158,SubUnit,997,20745.10546875,1071.2537766127448,fa893285-6157-4541-8406-192f24f17231
8767,Tatlun CP,GIS0130632,SubUnit,996,28378.89453125,964.66598208681,c5790bbe-d00e-433b-ae95-90b93e2249d7
8768,San Jose Creek NP,GIS0133179,SubUnit,997,33888.80078125,1007.7545987885964,11e79bf4-b36d-425d-8b59-eff843fd7cf9
8769,Tatlun CP,GIS0135242,SubUnit,996,97059.61328125,1698.200169245392,b6b6ba17-acad-45c6-916b-0b99cc0e5d19
8770,Point Lobos Ridge NP,GIS0135516,SubUnit,998,111885.97265625,1525.08363632071,4db94fe3-788d-4d6a-bf9c-a2bd184e3f00
8771,Point Lobos Ridge NP,GIS0135589,SubUnit,998,1993924.25,7586.66215875153,de77a352-c007-44dc-833f-26971e7c0765
8772,Point Lobos Ridge NP,GIS0138777,SubUnit,998,1942743.171875,7000.3040586425,e5268812-ffd8-4897-b79d-b6bd52635466
8773,Locke Boarding House,GIS0141450,Park Unit or Property,332,320.203125,82.49257704978749,ced3423f-e5e0-4cb4-969a-e92df8d2ec90
8774,Delta Meadows,GIS0000044,Properties not operated as CSP units,338,3418009.74609375,13095.907118606241,59d6a5e6-6dea-4d9f-9fe9-0eba6c9c0a40
8775,Marshall Gold Discovery SHP,GIS0000104,Park Unit or Property,304,3805984.125,23675.802361660113,cc0c5994-92a4-449d-90f2-3e2734c2838b
8776,Columbia SHP,GIS0000037,Park Unit or Property,307,1640560.7109375,24503.381976258926,c2711a19-0f90-4669-af4d-a654b9a78c5b
8777,Deer Creek Hills Property,GIS0151017,Park Unit operated by other entity,,4426490.109375,11846.461064492778,13953678-b9d9-4a17-853c-6a0ae954aeb3
8778,Burton Creek NP,GIS0151743,SubUnit,364,1209002.37890625,9281.151307047094,b6f20c40-82e4-41c8-8aaa-313a2a34c1a6
8779,Benicia Capitol SHP,GIS0000013,Park Unit operated by other entity,221,5634.9140625,330.60559319780754,3143686a-2263-42e6-8e05-2573e033005d
8780,Benicia SRA,GIS0000014,Park Unit or Property,224,3000649.265357971,12352.758193226546,4516aeb8-7447-426b-a97a-208221d76877
8781,Bethany Reservoir SRA,GIS0000015,Park Unit or Property,744,3946645.34375,22085.553119686574,a3efe582-8352-4893-837b-7685455d2130
8782,Border Field SP,GIS0000019,Park Unit or Property,669,4497302.42578125,11988.236872967942,59063401-cf82-4d15-bcda-e4acea560a28
8783,California State Capitol Museum,GIS0000025,Park Unit or Property,357,52451.1953125,988.6568823388159,7c611fbe-2a7a-425b-8c11-f9db0c25987f
8784,El Presidio de Santa Barbara SHP,GIS0000048,Park Unit operated by other entity,575,35992.7265625,1825.6677049073685,b2662bce-54ab-4db1-96b5-a4fc621ad4b7
8785,Fort Humboldt SHP,GIS0000053,Park Unit or Property,120,113061.1796875,1881.27286206834,2e79505f-ead1-4d84-a8d9-07ce0988a38c
8786,Governor's Mansion SHP,GIS0000059,Park Unit or Property,377,8179.1640625,613.4376798860369,8572c98f-9b58-4b13-8994-6b7450c09548
8787,Grizzly Creek Redwoods SP,GIS0000062,Park Unit or Property,110,13210703.828125,33748.92231602794,c358ab12-eeda-4109-b6c0-cd4fe96f6b70
8788,Heber Dunes SVRA,GIS0000066,Park Unit or Property,444,1953314.11328125,7953.016254961546,c79fd787-145e-4c19-8fe6-4960b9620cd3
8789,Henry Cowell Redwoods SP,GIS0000068,Park Unit or Property,418,29599343.8203125,54500.433692666506,284ad189-ffda-4e8e-bd0a-e34c87fc7c16
8790,Lake Del Valle SRA,GIS0000086,Park Unit operated by other entity,764,24096564.07421875,37473.23714400425,ed351c3f-b28f-4dca-9080-bf44ace3d606
8791,Leland Stanford Mansion SHP,GIS0000090,Park Unit or Property,328,5846.296875,312.04803058063726,bd2e3aad-711a-4c5f-a23c-06c8c7ed608c
8792,Limekiln SP,GIS0000093,Park Unit operated by other entity,461,4512096.08203125,16080.945204052761,31a60325-9312-459b-86f5-4e3176321f49
8793,Old Town San Diego SHP,GIS0000123,Park Unit or Property,667,175125.60546875,3799.600364748052,8e34466f-bb64-454d-8801-989dec285209
8794,San Bruno Mountain SP,GIS0000161,Park Unit operated by other entity,205,1928456.227542758,8246.304063498426,7600bdff-e882-4d0b-b906-94e19e35653f
8795,State Indian Museum (SHP),GIS0000180,Park Unit or Property,309,1008.42578125,154.40478773419935,e407bfc6-f933-49be-a3df-4ca57bc2b854
8796,Sutter's Fort SHP,GIS0000184,Park Unit or Property,308,39568.4296875,988.6050025068309,1db54a5b-6501-45bc-b6bf-3eb63dc7ce60
8797,Border Field SP,GIS0000187,Cooperative Mgmt Area,669,8526673.546875,20898.494120160987,b3fb01a1-ac55-4612-8161-91feb18115cc
8798,Woodland Opera House SHP,GIS0000209,Park Unit operated by other entity,327,1791.7578125,199.90931909089866,b57a333a-8ce1-468d-8057-d85866efb629
8799,Boney Mountain SW,GIS0000217,SubUnit,901,36429704.98046875,35302.52536788922,5de7e73b-a6f8-42a3-9ce8-4243c1af59f6
8800,Silver Strand SB,GIS0000219,Park Unit or Property,614,42275872.66015625,30465.21609291354,c74180f5-c11e-42b3-8411-45be3e67e80e
8801,Silver Strand SB,GIS0000225,Underwater Park,614,41359436.02734375,25708.97523354041,42d12fc9-9b89-4f20-8b3f-f03abba476a2
8802,Silver Strand SB - Area leased to Navy,GIS0000226,Properties not operated as CSP units,614,906296.2265625,9796.21627861806,c764c667-e2cf-4cf3-8027-5efeeacc0081
8803,Heilbron Mansion,GIS0000267,Properties not operated as CSP units,384,3167.26953125,226.36801931284543,c78e3a2a-6cf1-4972-bfc9-6a92d2aa091e
8804,Drum Barracks,GIS0000282,Park Unit operated by other entity,576,2550.51953125,224.48993424298538,0ed93c16-a193-4c7c-8ab7-85bb2c3438cf
8805,Big Rock Beach,GIS0000299,Divested Units and Properties,510,3609.8203125,349.0266289805477,45277acc-0121-42d4-b7b3-0e2d8bfa8747
8806,Asilomar Dunes NP,GIS0000306,SubUnit,993,157122.43359375,3055.368951914571,13a2c45a-68fd-41c2-80fe-ad26f4930b38
8807,Manhattan SB,GIS0000313,Park Unit operated by other entity,549,32787.28515625,1760.6353707583062,1adaf020-e2a8-4512-8053-4d773be190ae
8808,Lake Del Valle SRA,GIS0000320,Cooperative Mgmt Area,764,421.60546875,170.47324685621226,7e849d9e-c237-4cc3-b385-047d659e4d23
8809,Anderson Marsh NP,GIS0000352,SubUnit,970,3731817.35546875,10510.945019754283,2c539a3f-3f95-4ca6-b26d-15087ffbe6e6
8810,Ocotillo Wells SVRA,GIS0000353,Cooperative Mgmt Area,439,123303288.375,286814.651886687,1245eab5-dd01-4ba5-a374-8001ce06efa2
8811,Anderson Island NP,GIS0000365,SubUnit,397,113293.2265625,1431.8568459034236,574f9630-fd6d-4c36-95c2-f6cb01702fdd
8812,"Big Lagoon Forest, South NP",GIS0000391,SubUnit,966,457403.0893135071,6140.77490340059,5eede686-e702-40d3-b446-f211073067b3
8813,"Big Lagoon Forest, East NP",GIS0000392,SubUnit,964,380140.86477947235,4780.930023138819,a491be98-5817-4c0a-bfa0-f74c8002986c
8814,"Big Lagoon Forest, West NP",GIS0000393,SubUnit,965,379765.36766433716,6009.259077483012,2e7e4758-aaf3-4c31-bb27-09ee5cfcc957
8815,San Pasqual Battlefield SHP,GIS0000409,Park Unit or Property,615,408748.26953125,3649.518430773366,e77ee903-dbdb-4a7a-9c62-a5deef756c23
8816,Old Sacramento SHP,GIS0000422,Properties not operated as CSP units,372,1633191.1171875,40382.79195580513,5c3a087b-5553-428a-a9ec-7d623dd18c09
8817,Anza-Borrego Desert SW,GIS0000423,SubUnit,624,1858073507.96875,1080549.1659318733,c88421f5-1404-4163-a265-88844665d1d0
8818,Angelina Spring CP,GIS0000426,SubUnit,628,2535001.91796875,19713.806144152164,6157d258-b386-4711-833f-b74a805f2045
8819,California Indian Heritage Center SP,GIS0000434,Park Unit or Property,317,344778.171875,3299.3094588409344,aa88d67e-1974-4cd3-b062-7bbe5ab29400
8820,Barrel Springs CP,GIS0000437,SubUnit,963,194281.890625,1953.0602789976306,10ea1708-93aa-419d-998e-079cbd8b745d
8821,Antone Meadows NP,GIS0151742,SubUnit,365,1045379.890625,4962.073144996092,465fd8da-c959-41a5-a791-c9016f351b23
8822,Carnegie SVRA,GIS0000027,Park Unit or Property,272,9918886.85546875,16872.19087079687,191ea5e7-e847-43de-9e88-87f0c7d8f42d
8823,Alameda-Tesla Expansion Area Property,GIS0141613,Properties not operated as CSP units,,20720738.3671875,27629.618504777754,9c73b65f-3c4d-47ac-9706-936a9165c37b
8824,Administrative Properties,GIS0143587,Properties not operated as CSP units,,1454765.0703125,7161.7527261789955,8175301e-6ee4-49bd-b54f-01e114d0e256
8825,Castle Rock SP,GIS0000451,Park Unit or Property,404,37232544.65625,41088.60073107563,d63261a9-7313-4630-961d-cb3594455bb4
8826,Point Sur SHP,GIS0000143,Park Unit or Property,419,622418.1171875,7388.105521081303,9bd3ee4b-6905-4b3a-a895-479c15b3fe27
8827,Trione-Annadel SP,GIS0000004,Park Unit or Property,246,33721672.09765625,36555.64864553212,0331a899-3e7b-4bf5-a7ec-fe976189c7f3
8828,McArthur-Burney Falls Memorial SP,GIS0000105,Park Unit or Property,125,6736312.14453125,23908.772521407303,ec09f588-5138-4e44-bd0b-cde6ad6ccc28
8829,Old Sacramento SHP,GIS0000122,Park Unit or Property,372,251323.55859375,13506.380141899503,ea59525e-010a-4af6-b3a8-afff5a3d9ab9
8830,Prairie City SVRA,GIS0000446,Park Unit or Property,367,8880532.28515625,15932.747843776797,872fa7dc-5c99-42be-8d09-4acf52f62861
8831,Rancho San Andrès (Castro Adobe),GIS0000030,Park Unit or Property,434,6348.3828125,319.7886538805799,833b7f5a-f9c0-4b57-9430-7b15ffbcc630
8832,South Yuba River SP,GIS0000178,Park Unit or Property,359,26718108.890625,94390.75370548443,9e209674-8442-4c40-88ba-07c1c48be967
8833,Rancho San Andrès (Castro Adobe) Right of Way,GIS0000309,Cooperative Mgmt Area,434,15019.94140625,4080.228862505273,e543b813-2885-4db2-b072-4a96e51725a6
8834,Castaic Lake SRA,GIS0000029,Park Unit operated by other entity,569,25565716.48828125,60885.54344171421,5d931c81-e842-477a-872f-e461ca8d802a
8835,Ocotillo Wells SVRA,GIS0000121,Park Unit or Property,439,322892688.8203125,436152.6658543892,0f5c6778-3327-4c29-9de9-3869e5636b0a
8836,Seacliff SB,GIS0000171,Park Unit or Property,409,705782.3984375,12001.158495771328,6b515588-f597-4907-95a7-f19413276ead
8837,Kenneth Hahn SRA,GIS0000083,Park Unit operated by other entity,516,2354078.05078125,22011.452758677136,0291e452-77c1-443b-8c0e-cbf4fc5d1797
8838,Monterey SHP,GIS0000254,Park Unit or Property,455,51585.9140625,2747.513422378531,77de6646-1057-4b78-9fac-e28416fc2c0c
8839,Humboldt Redwoods SP,GIS0000072,Park Unit or Property,119,375606054.54296875,258109.75484043095,25b9d0b0-7798-44df-80d4-b90b5b6515d2
8840,San Onofre SB,GIS0000167,Park Unit or Property,663,4346154.58203125,32479.6195073684,12ba4b76-0002-4654-a609-ce94627c55c7
8841,Railtown 1897 SHP,GIS0000148,Park Unit or Property,335,154564.16796875,2599.8994314196193,08b9d75c-00be-4aa3-bad4-1df7892068d2
8842,Dos Rios Ranch SP,GIS0151744,Park Unit or Property,,10353057.578125,17664.68268568071,0fe5cf29-b892-4335-a395-7de91e98745a
8843,Marsh Creek State Park (SHP),GIS0000080,Park Unit or Property,254,24028460.0546875,58294.327400681206,5901fc85-cb18-4167-825b-ebe43f70ab7a
8844,Monterey District HQ,GIS0000420,Properties not operated as CSP units,400,36704.25390625,879.8758353797142,472a9b65-c89b-4d19-92b5-647eaa26fba5
8845,Año Nuevo Coast NP,GIS0000414,SubUnit,228,7633295.10546875,30108.69578741815,a85294f5-cd19-4533-a039-5d5e74413a8c
8846,Quiroste Valley CP,GIS0000415,SubUnit,232,1345480.76953125,6590.833501614437,df7abc3c-a720-4d58-bfdb-c2b9b520b909
8847,Jedediah Smith Redwoods SP,GIS0000077,Park Unit or Property,102,76848885.5546875,89945.09728367446,5d938058-2144-4eba-9d63-73e96f366636
8848,Plumas-Eureka SP,GIS0000135,Park Unit or Property,321,34420853.4609375,45480.0319999682,d60240d1-b361-4730-896a-88734a5fc29e
8849,Big Basin Redwoods SP,GIS0000251,Park Unit or Property,406,117321128.61328125,160477.5421579209,bc86c734-80ce-48b9-845e-871895bbfe30
8850,Folsom Lake SRA,GIS0000360,Park Unit or Property,318,127745065.1640625,192120.21439024192,3ac0ec8e-7f25-4157-aedf-ae7aa334b5b8
8851,Candlestick Point Submerged Lands,GIS0000416,Properties not operated as CSP units,214,300499.96875,13320.952677998454,f0696c91-a756-43b4-804d-878af2c887cd
8852,Candlestick Point SRA,GIS0000435,Park Unit or Property,214,971928.10546875,12798.013147634772,06812adf-e9af-47a2-bc66-94a70770c310
8853,Año Nuevo SP,GIS0000250,Park Unit or Property,222,19619087.3125,37608.683160148285,f8dfd1e5-1435-422d-8846-bab28f74c64c
8854,Butano SP,GIS0000413,Park Unit or Property,423,29150265.32421875,48036.590030007035,05e370e7-e711-43cf-978e-c15912bb0db7
8855,Chino Hills SP,GIS0000034,Park Unit or Property,508,83061582.26171875,128015.80141696018,1856fa79-b118-4c5e-8753-cab8ee573b10
