UNIQUE_ID,HOTLINK,TRANSPARENT,PROJ_NO,NAME,PROJ_TYPE,STATUS,PROJ_MGR,CONSULTANT,TASK_ORD_NO,LOCATION_NAME,MAIN_ST,CROSS_ST,ST_RANGE_FROM,ST_RANGE_TO,FIRST_WARD,SECOND_WARD,START_DATE,END_DATE,TOT_BUDGET,COMMENTS_NAME,RECORD_LAST_MODIFIED,SPECIAL_NOTE,STATUS_021805,GIS_ID,SHAPE.LEN,SHAPE.AREA,SE_ANNO_CAD_DATA,OBJECTID,GLOBALID,CREATED,EDITED
,,,,Ward 4 'Flower Streets' Traffic Calming Study,Traffic Calming Study,Study Completed,,,,,,,,,,,,,,,,,Ongoing,TranspStudyArea_2,0,0,,1,{65DFA40C-D779-493D-BFA9-F63498D65FAB},,
,,,,14th Street Traffic Calming Study,Traffic Calming Study,Study Completed,,,,,,,,,,,,,,,,,Study Completed,TranspStudyArea_3,0,0,,2,{278F01CB-ECE6-4284-8A28-98B13A577C0B},,
,,,,Upper Georgia Avenue Parking Demand Study,Transportation Study,Study Completed,,,,,,,,,,,,,,,,,Ongoing,TranspStudyArea_4,0,0,,3,{BC156CE8-1D8E-4BB3-BFA5-0A5DC4874753},,
4001.0,takoma,40,,Takoma TS,Transportation Study,Study Completed,Damon Harvey,"DMJM+HARRIS, Inc (AE Services)",1.0,"Eastern Ave NW, Georgia Ave NW, Peabody St NW, Eastern Ave NE, Walnut Ave, Westmoreland Ave, Carroll",,,,,4.0,,1031889600000,1046494800000,319420.0,Abi Lerner is the DMJM+HARRIS Project Coordinator. This is an area wide Transportation Study.,1043775996000,,Study Completed,TranspStudyArea_5,0,0,,4,{010EE967-A066-4000-8311-A6B09930AEA1},,
,,,,Metropolitan Branch Trail Study,Bicycle Study,Metropolitan Branch Trail Study,,,,,,,,,,,,,,,,,Metropolitan Branch Trail Study,TranspStudyArea_6,0,0,,5,{CAFCD3E4-BD43-4825-A700-9084A1786CDC},,
,,,,Holly Street Traffic Calming Study,Traffic Calming Study,Study Completed,,,,,,,,,,,,,,,,,Study Completed,TranspStudyArea_7,0,0,,6,{37E7CF1A-0310-4E66-BE74-7A6069381172},,
,,,,Rittenhouse & Tennyson St Traffic Calming Studies,Traffic Calming Study,Study Completed,,,,,,,,,,,,,,,,,Study Completed,TranspStudyArea_8,0,0,,7,{2CE84BE9-37D4-4809-AC1A-E43361851F3E},,
3000.1,,40,,Upper Connecticut Ave TS,Transportation Study,Proposed,Colleen Smith,,,,,,,,3.0,,,,,,1044479490000,,Proposed,TranspStudyArea_9,0,0,,8,{DABE4B61-74B1-477F-AEDF-2CA16A19E15C},,
3002.0,frienidship heights,40,,Friendship Heights TS,Transportation Study,Study Completed,Colleen Smith,Louis Berger,,"Western Ave, 41st St, Fessenden St, River Rd",,,,,3.0,,1033444800000,1044075600000,900000.0,Currently negotiating with contractor. (Louis Berger). Funding Source: ED0-01,1043786592000,,Study Completed,TranspStudyArea_10,0,0,,9,{6C2616FF-514F-4A9F-8D71-9BB589C3813B},,
,,,,McKinley Street Traffic Calming Study,Traffic Calming Study,Study Completed,,,,,,,,,,,,,,,,,Study Completed,TranspStudyArea_11,0,0,,10,{ACDA4EA1-ACFC-446E-9EF0-D4DA9457BD61},,
4002.0,missouri,40,,Military Rd/Missouri Ave. TS,Transportation Study,Study Completed,Damon Harvey/Colleen Smith,Louis Berger,,Military Rd and Missouri Ave from Western Ave to Riggs Rd,,,,,4.0,3.0,1033444800000,1046494800000,300000.0,In negotiation with proposed contractor. (Louis Berger),1043786766000,,Study Completed,TranspStudyArea_12,0,0,,11,{DF41B1DF-28F0-4968-B12C-F3E77C766D09},,
,,,,South Dakota Avenue Traffic Calming Study,Traffic Calming Study,Study Completed,,,,,,,,,,,,,,,,,Ongoing,TranspStudyArea_13,0,0,,12,{C48EBE2E-BE9F-4DD9-AA18-F04CF4B50C8B},,
,,,,South Dakota Avenue Transportation Study,Transportation Study,Ongoing,,,,,,,,,,,,,,,,,Proposed,TranspStudyArea_14,0,0,,13,{27356E78-395A-4D35-AD9A-616980D56B1D},,
,,,,Wisconsin Ave Study,Transportation Study,Study Completed,,,,,,,,,,,,,,,,,Proposed,TranspStudyArea_15,0,0,,14,{65D88316-B894-42FE-9A0F-E7929A661753},,
,,,,Davenport St Traffic Calming,Transportation Study,Study Completed,,,,,,,,,,,,,,,,,Completed,TranspStudyArea_16,0,0,,15,{8799AB66-DC83-405C-83FD-F9915B8665D6},,
,,,,Puerto Rico Study Area,,Study Completed,,,,,,,,,,,,,,,,,Study Completed,TranspStudyArea_17,0,0,,16,{E8928856-01F3-4C69-9FBF-0AE3C843B0BF},,
3001.0,connecticut ave,40,,Connecticut Ave. N.W. TS,Transportation Study,Study Completed,Colleen Smith,"DMJM+HARRIS, Inc (AE Services)",4.0,"Bounded by Sedgwick St in south, Albemarle St in north, Linnean Ave on the east and Reno Rd on the w",,,,,3.0,,1032753600000,1046408400000,250000.0,Abi Lerner is the DMJM+HARRIS Project Coordinator. This is an area wide Transportation Study.,1043775996000,,Study Completed,TranspStudyArea_18,0,0,,17,{5C666BDE-0614-469D-BDB0-54BFE115C841},,
,,,,Georgia Avenue/Petworth Parking Study,Transportation Study,Study Completed,,,,,,,,,,,,,,,,,Study Completed,TranspStudyArea_19,0,0,,18,{2CADC42F-B13D-4671-BFDE-A68C2BB34A80},,
,,,,Brookland Transportation Study,Transportation Study,Ongoing,,,,,,,,,,,,,,,,,Ongoing,TranspStudyArea_20,0,0,,19,{9BFBE7A9-A2F3-48D5-8449-F53FA632A03B},,
,,,,Upton Street Traffic Calming Study,Traffic Calming Study,Study Completed,,,,,,,,,,,,,,,,,Study Completed,TranspStudyArea_21,0,0,,20,{0B49CFE6-E11D-48BC-B3DC-6EB9648E5D16},,
,,,,10th Street Parking Study,Transportation Study,Study Completed,,,,,,,,,,,,,,,,,Ongoing,TranspStudyArea_22,0,0,,21,{BEF34714-D2FE-4714-8AB3-CF0351A308FC},,
,,,,Randolph Street Traffic Calming Study,Traffic Calming Study,Ongoing,,,,,,,,,,,,,,,,,Ongoing,TranspStudyArea_23,0,0,,22,{7AC8FD13-CE5D-4C54-B9E2-76400B55EA23},,
1002.0,columbia heights,40,,Columbia Heights TS,Transportation Study,Study Completed,Callistus Nwadike,Cambridge Systems,,"Piney Branch Ave/Spring Rd  on North, south - Florida Ave NW/Barry Pl/16th St/Calvert/Columbia/Eucli",,,,,1.0,,1033444800000,1049173200000,350000.0,Scope of work to be developed August 2002 (TIIF funding from),1044467129000,,Ongoing,TranspStudyArea_24,0,0,,23,{C79BDF3B-E37E-4480-B13F-B5B232D98A9A},,
301.0,301,40,,Palisades TS,Transportation Study,Study Completed,Ken Laden,"DMJM+HARRIS, Inc (Operational Support - Planning)",1.0,"Bounded by Canal Road NW from Key Bridge to Chain Bridge, Arizona Ave NW, MacArthur Blvd NW, Lougbor",,,,,3.0,,1004418000000,1030075200000,192000.0,Project went beyond schedule because the citizens asked for additional review for some of the recommendations. Abi Lerner was the DMJM+HARRIS Project Coordinator.,1043775996000,,Study Completed,TranspStudyArea_25,0,0,,24,{26214A03-4B4A-4BDA-914C-ABD2E683ACC6},,
,,,,Cathedral Avenue Traffic Calming Study,Traffic Calming Study,Proposed,,,,,,,,,,,,,,,,,Ongoing,TranspStudyArea_26,0,0,,25,{2FBB1C7E-3BCC-4056-A203-1CDF403E4D65},,
,,,,18th Street/Adams Morgan Transportation and Parking Study,Transportation Study,Study Completed,,,,,,,,,,,,,,,,,Proposed,TranspStudyArea_27,0,0,,26,{79CEA4F6-3C79-48F7-A29C-3A40E9FB21B2},,
,,,,North Capitol Street Transportation Study,Transportation Study,Study Completed,,,,,,,,,,,,,,,,,Ongoing,TranspStudyArea_28,0,0,,27,{1B2F1CBF-2F82-4EE5-B6C7-A37DE33FD264},,
,,,,Euclid St Traffic Calming Study,Traffic Calming Study,Study Completed,,,,,,,,,,,,,,,,,Study Completed,TranspStudyArea_29,0,0,,28,{17E2CAA5-E60D-47B0-8C8A-E618672E3F60},,
5000.2,,40,,Brentwood Road NE TS,Transportation Study,Study Completed,Sharlene Reed,None Selected Yet,,Rhode Island Ave to West Virginia Ave,,,,,5.0,,1038718800000,1054440000000,250000.0,Scope of work to be developed October 2002.  Funding Source: ED0-02,1044476895000,,Ongoing,TranspStudyArea_30,0,0,,29,{493E1C58-C57D-4A42-8F21-06C67E59F6CE},,
4003.0,klingle rd,40,,Klingle Road EA,Environmental Assessment,Ongoing,Damon Harvey,Louis Berger,,,,,,,4.0,,,,,,1044476668000,,Ongoing,TranspStudyArea_31,0,0,,30,{5105100E-BD42-48F4-842C-BB6C320C9CF9},,
,,,,Lower Wisconsin Avenue Streetscape,Streetscape Study,Proposed,,,,,,,,,,,,,,,,,Proposed,TranspStudyArea_32,0,0,,31,{15E0706E-041A-4E39-9006-18B98BD38C4C},,
,,,,Bryant St Study Area,,Study Completed,,,,,,,,,,,,,,,,,Study Completed,TranspStudyArea_33,0,0,,32,{D0F9D391-AD78-49B1-B995-E351C203C960},,
,,,,Bryant Street Traffic Calming Study,Traffic Calming Study,Study Completed,,,,,,,,,,,,,,,,,Ongoing,TranspStudyArea_34,0,0,,33,{B162E602-643B-458D-896B-F4AE1127C4DC},,
,,,,U Street Howard Univ/Shaw Transportation and Parking Study,Transportation Study,Study Completed,,,,,,,,,,,,,,,,,Ongoing,TranspStudyArea_35,0,0,,34,{7B5CA852-B7B8-4466-A474-37CAD4783892},,
,,,,5th Street Parking Study,Transportation Study,Study Completed,,,,,,,,,,,,,,,,,Ongoing,TranspStudyArea_36,0,0,,35,{A217D324-203B-42BC-8534-5FCB2C39C48B},,
5001.0,ny ave itc study,40,,New York Avenue ITC Study,Transportation Study,Ongoing,Rick Rybeck,"HNTB, URS, ERA",,New York Ave NW from Mt Vernon Square to Eastern Ave NE,,,,,5.0,6.0,1030852800000,1911787200000,1175000.0,"Public meeting scheduled for Oct. 5, 2002. Funding Source: SPEC",1043786670000,,Ongoing,TranspStudyArea_37,0,0,,36,{A9BE0C53-CBE1-427C-B048-42516E950E69},,
,,,,4th Street (Ledroit Park) Traffic Calming Study,Traffic Calming Study,Study Completed,,,,,,,,,,,,,,,,,Study Completed,TranspStudyArea_38,0,0,,37,{E2641AF3-7F97-48C7-B71C-3C530AE95820},,
2004.0,shaw howard,40,,Shaw/Howard Destination District TS,Transportation Study,Ongoing,Heather Brophy,,,"10th St, Mt Vernon Place, 5th St to Florida Ave NW",,,,,2.0,,1038718800000,1054440000000,350000.0,Scope to work to be developed October 2002. Funding Source: ED0-02,1044467132000,,Ongoing,TranspStudyArea_39,0,0,,38,{6DE57F4E-0D81-4B09-91E9-583789B2FBC7},,
2003.0,14th st nw,40,,14th Street Streetscape Design,Streetscape Study,Proposed,Heather Brophy,,,,,,,,2.0,,,,275000.0,,1044475954000,,Ongoing,TranspStudyArea_40,0,0,,39,{AB717AE3-5AA2-4EA9-BB72-593DECEF675D},,
2000.2,,40,,Georgetown TS,Transportation Study,Proposed,Heather Brophy,,,To be determined,,,,,2.0,,1072933200000,1072933200000,300000.0,Scope of work to be developed Nov 2002.  Funding Source: ED0-02,1043788342000,,Proposed,TranspStudyArea_41,0,0,,40,{CA0D58D6-1728-4F1A-A9BF-A0D6F4EFAEA4},,
1001.0,u s t nw,40,,U Street Corridor TS,Transportation Study,Study Completed,Callistus Nwadike,To be Determined,,Georgia Ave NW to 18th St NW,,,,,1.0,,1036126800000,1049173200000,200000.0,Scope of work to be developed Oct 2002 (TIIF funding from),1044467131000,,Ongoing,TranspStudyArea_42,0,0,,41,{C99A47E4-7270-4E5D-9B78-75CC75A6572F},,
,,,,Okie Street Traffic Calming Study,Traffic Calming Study,Ongoing,,,,,,,,,,,,,,,,,Ongoing,TranspStudyArea_43,0,0,,42,{EE7C160B-9783-4D92-8D5C-6E2031C36248},,
,,,,Eckington Place Traffic Calming Study,Traffic Calming Study,Study Completed,,,,,,,,,,,,,,,,,Ongoing,TranspStudyArea_44,0,0,,43,{5E32B1B6-C488-4513-8C18-302BCC9645B6},,
0.0, ,, ,Anacostia Riverwalk Trail,Transportation Study,Deleted,Allen Miller,T.Y. Lin,,, , ,,,0.0,,-2209143600000,-2209143600000,0.0,,,,Ongoing-AWI Office,TranspStudyArea_45,0,0,,44,{A981CD54-E430-410E-8C08-B67A2CBF895A},,
0.0, ,, ,Kennilworth Ave Corridor TS,Transportation Study,Deleted,AWI-Allen Miller/Faisal Hameed,Earth Tech / TAMS,,, , ,,,0.0,,-2209143600000,-2209143600000,0.0,,,,Ongoing-IPMA,TranspStudyArea_46,0,0,,45,{60915106-51C5-4B4B-9B9C-221C9331EC8B},,
,,,,Whitehurst Freeway Deconstruction Project,Transportation Study,Ongoing,,,,,,,,,,,,,,,,,Ongoing,TranspStudyArea_47,0,0,,46,{CB84888F-2A54-49D8-A8E5-D4AFFE34B9A4},,
,,,,Farmers Market Study Area,,Study Completed,,,,,,,,,,,,,,,,,Study Completed,TranspStudyArea_48,0,0,,47,{0C9322AD-D682-4775-A808-E7EF4FE421BB},,
2007.0,p st dupont circle,40,,P Street Dupont Circle SS,Streetscape Study,Ongoing,Heather Brophy,Lee and Associates,,,,,,,2.0,,1041397200000,1072846800000,250000.0,,,,Ongoing,TranspStudyArea_49,0,0,,48,{7AA2C8C5-462F-4331-A90C-D80A987A0D36},,
,,,,K L & M Streets Traffic Calming,Transportation Study,Ongoing,,,,,,,,,,,,,,,,,Ongoing,TranspStudyArea_50,0,0,,49,{169E58EE-F4F9-469F-96E5-EA50551C8B88},,
2005.0,mt vernon triangle,40,,Mount Vernon Triangle TS,Transportation Study,Ongoing,Heather Brophy,,,,,,,,2.0,,1041397200000,1072846800000,800000.0,,1044475894000,,Ongoing,TranspStudyArea_51,0,0,,50,{10F581AC-0A27-4552-8276-7BBCA1745B09},,
7002.0, ,40,,Minnesota Avenue Extension/EA,Environmental Assessment,Ongoing,Ronald Mitchell,,,,,,,,7.0,,,,,,1044478418000,,Ongoing,TranspStudyArea_52,0,0,,51,{84858096-31B0-4F74-9AD5-3D6B196BA75F},,
2008.0,kennedy center,40,,Kennedy Center TS,Transportation Study,Ongoing,Heather Brophy,Parsons Brinkerhoff,,,,,,,2.0,,,,40000.0,,1043788342000,,Ongoing,TranspStudyArea_53,0,0,,52,{32B1C7FE-522C-456D-AC9C-6A9B8842268F},,
,,,,Lower West End Transportation Study,Transportation Study,Ongoing,,,,,,,,,,,,,,,,,Ongoing,TranspStudyArea_54,0,0,,53,{4923DFE2-DFE1-4068-AEF2-82B9C2CF92D6},,
2006.0,k st nw,40,,K Street Transit Way Study,Transportation Study,Study Completed,Heather Brophy,"DMJM+HARRIS, Inc (AE Services)",2.0,K St From 24th St to 9th St NW,,,,,2.0,,1033444800000,1064980800000,246609.0,Abi Lerner is the DMJM+HARRIS Project Coordinator.,1043775996000,,Ongoing,TranspStudyArea_55,0,0,,54,{7AB692E9-1296-4077-A4C4-CB6310321B93},,
6002.0,h st ne,40,,H Street Corridor TS,Transportation Study,Study Completed,Rachel MacCleery,None Selected Yet,,"K St NE in the north, F St NE in the South, North Capitol St in the west, 17th St on the east",,,,,6.0,,1036126800000,1049173200000,300000.0,Scope of work to be developed Oct 2002. Funding Source: ED0-04,1043788283000,,Ongoing,TranspStudyArea_56,0,0,,55,{6470AB3B-8189-4121-A2BF-98E6CE4B3468},,
6000.1,,40,,Capitol Hill TS,Transportation Study,Ongoing,Rachel MacCleery,None Selected Yet,,Both arterials from 19th St to First St,,,,,6.0,,1072933200000,1072933200000,250000.0, Funding Source: ED0-02,1043788632000,,Proposed,TranspStudyArea_57,0,0,,56,{19971392-BB07-4619-8BAA-F2DFEB2EEDD3},,
,,,,Judiciary Square Security and Transportation Study,Transportation Study,Study Completed,,,,,,,,,,,,,,,,,Ongoing,TranspStudyArea_58,0,0,,57,{237358F3-9CD3-4E19-8C24-029294D78CFC},,
,,,,Minnesotta Avenue and Grant Street Traffic Calming Study,Traffic Calming Study,Study Completed,,,,,,,,,,,,,,,,,Ongoing,TranspStudyArea_59,0,0,,58,{ACF9765D-9F5A-41EC-BCEC-8D1A4C7B6496},,
,,,,Marshall Heights  Street Scape Study,Streetscape Study,Ongoing,,,,,,,,,,,,,,,,,Ongoing,TranspStudyArea_60,0,0,,59,{44C22AC8-4473-4022-BD4E-EAD2B192F775},,
,,,,Minnesota Avenue Streetscape Study,Streetscape Study,Ongoing,,,,,,,,,,,,,,,,,Ongoing,TranspStudyArea_61,0,0,,60,{7334E14A-7DCC-4890-8EC4-D48E3AA9076D},,
,,,,Benning Road/Minnesota Avenue transportation Study,Transportation Study,Proposed,,,,,,,,,,,,,,,,,Ongoing,TranspStudyArea_62,0,0,,61,{2FCCADC1-A65B-475B-87A3-031BE6B4C45B},,
2002.0,tr bridge study,40,,TR Bridge Study,Transportation Study,Ongoing,Heather Brophy,,,,,,,,2.0,,,,,,,,Ongoing,TranspStudyArea_63,0,0,,62,{8E2027F6-DA6D-4D3C-A22F-678B99D384B4},,
,,,,East Capitol Street and Central Avenue Traffic Calming Study,Traffic Calming Study,Study Completed,,,,,,,,,,,,,,,,,Ongoing,TranspStudyArea_64,0,0,,63,{D21224C1-2AA1-4ED4-9F96-B3084D7C153F},,
6001.0,s capitol st,40,,South Capitol Street TS,Transportation Study, ,Rachel MacCleery,"Parsons, Brinckerhoff",,South Capitol St from Independence Ave to Suitland Pkwy and Washington Ave,,,,,6.0,8.0,1025496000000,1051761600000,500000.0,Transportation Study to be coordinated with NCPC/OP land use study. Funding Source: SPEC,1043775996000,Changed By Faisal Haamed,IPMA,TranspStudyArea_65,0,0,,64,{48DADA65-F408-4553-8F9A-A05EEF11C732},,
0.0, ,, ,South Capitol Street Corridor TS,Transportation Study,Study Completed,Kathleen Penney,Parsons Brinckerhoff,,, , ,,,0.0,,-2209143600000,-2209143600000,0.0,,,,Ongoing-IPMA,TranspStudyArea_66,0,0,,65,{43DFD2F1-63FD-4B66-BF8B-1D76752F5EF3},,
6003.0,4th st sw,40,,4th St. S.W./Waterside Mall TS,Transportation Study,Study Completed,Rachel MacCleery,"DMJM+HARRIS, Inc (AE Services)",3.0,4th St to 7th St SW From Independence Ave to M St,,,,,6.0,,1024891200000,1036126800000,177614.0,Abi Lerner is the DMJM+HARRIS Project Coordinator,1043775996000,,Study Completed,TranspStudyArea_67,0,0,,66,{2A95B703-574D-4259-BCBA-994D6DB4AC54},,
0.0, ,, ,Middle Anacostia River Crossings TS,Transportation Study,Deleted,AWI-Faisal Hameed/Kathleen Pen,KCI,,, , ,,,0.0,,-2209143600000,-2209143600000,0.0,,,,Ongoing-IPMA,TranspStudyArea_68,0,0,,67,{74093A01-B2CC-4989-8515-A6B81EA9A136},,
2009.0,lenfant,40,,L'enfant Promenade/ Banneker Circle Study,Transportation Study,Study Completed,Heather Brophy,Parsons Brinkerhoff and HNTB,,"Independence Ave on North, 9th St on the East, Water St/Maine Ave on the South, 12th St on the West,",,,,,2.0,,,1072846800000,,,1044639689000,,Study Completed,TranspStudyArea_69,0,0,,68,{54761F1A-1579-45B5-93EE-A45344D4B210},,
6004.0, ,40,,Eastern Market SS,Streetscape Study,Proposed,Rachel MacCleery,,,,,,,,6.0,,,,,,,,Proposed,TranspStudyArea_70,0,0,,69,{C644525B-C5F5-482E-A753-CBE35BDD4E57},,
601.0,601,40,,Barracks Row TS,Transportation Study,Study Completed,Rachel MacCleery,"DMJM+HARRIS, Inc",31.0,8th St From Pennsylvania Ave to M St SE,8th St SE,,Pennsylvania Ave SE,M St SE,6.0,,984027600000,996465600000,314000.0,,1044311314000,,Project Completed,TranspStudyArea_71,0,0,,70,{EF32C837-6F4A-4D12-871F-57D5D3949153},,
,,,,Middle Anacostia Transportation Study,Transportation Study,Deleted,,,,,,,,,,,,,,,,Changed By Faisal Haamed,Ongoing-IPMA,TranspStudyArea_72,0,0,,71,{D78D1FDA-C04D-4008-9330-84E2753ACFD0},,
7001.0, penn se,40,,Pennsylvania Ave SE TS,Transportation Study,Study Completed,Ronald Mitchell,,,Pennsylvania Ave from Sousa Bridge to Southern Ave,,,,,7.0,,1033444800000,1046494800000,250000.0,Scope of work completed. DDOT will negotiate with a contractor and begin study in Oct. (to be determined). Funding Source: ED0-08,1043786456000,,Study Completed,TranspStudyArea_73,0,0,,72,{EBA86793-2780-4BE8-940C-E65B903CF267},,
8001.0, ,40,,Anacostia Gateway TS,Transportation Study,Study Completed,Charles Thomas,,,To be determined,,,,,8.0,,1038718800000,1054440000000,250000.0,Scope of work to be developed Nov 2002.  Funding Source: ED0-02,1044640890000,,Study Completed,TranspStudyArea_74,0,0,,73,{336B2C18-79B7-4E48-9773-A487E30C3EAD},,
,,,,Cluster 37 Traffic Calming Study,Traffic Calming Study,Study Completed,,,,,,,,,,,,,,,,,Ongoing,TranspStudyArea_75,0,0,,74,{86865D55-746E-4F6E-A8BA-EC386442A6B7},,
,,,,Skyland Street Streetscape Study,Streetscape Study,Study Completed,,,,,,,,,,,,,,,,,Ongoing,TranspStudyArea_76,0,0,,75,{F273D465-393F-4E2D-8C0A-B7EBEF769EB0},,
,,,,Hillcrest Traffic Calming Study,Traffic Calming Study,Study Completed,,,,,,,,,,,,,,,,,Study Completed,TranspStudyArea_77,0,0,,76,{7BC6CDE3-287A-4BF2-850C-FB0E1E64C463},,
,,,,Southern Avenue Transportation and Streetscape Study,Transportation Study,Proposed,,,,,,,,,,,,,,,,,Proposed,TranspStudyArea_1,0,0,,77,{2B6F084F-3BD3-4836-9C80-B721E7254AC1},,
