OBJECTID,COUNTY_NAME,ROAD_NAME,OWNERSHIP
558816,WASHINGTON,COOL HOLLOW RD,COUNTY
558831,WASHINGTON,CHARLTON CT,COUNTY
559105,WASHINGTON,PALMWOOD CIR,COUNTY
559301,WASHINGTON,SHARON DR,COUNTY
559398,WASHINGTON,ISRAEL CREEK CT,COUNTY
559448,WASHINGTON,FINDLAY MILL LA,COUNTY
559577,WASHINGTON,FOUNTAIN HEAD RD,COUNTY
559582,WASHINGTON,SWORD RD,COUNTY
559646,WASHINGTON,NO NAME,COUNTY
559673,WASHINGTON,SOVEREIGN TERR,COUNTY
559697,WASHINGTON,OAK TREE CIR,COUNTY
559800,WASHINGTON,WESTMINSTER CT,COUNTY
559835,WASHINGTON,WOODBURN CT,COUNTY
559849,WASHINGTON,TURNERS LA,COUNTY
559864,WASHINGTON,WHITTIER HEIGHTS,COUNTY
559907,WASHINGTON,MCCLELLAN AVE,COUNTY
559930,WASHINGTON,GRAND OAK DR,COUNTY
559960,WASHINGTON,BIG POOL RD,COUNTY
560020,WASHINGTON,WASTLER AVE,COUNTY
560031,WASHINGTON,CHERRY TREE DR,COUNTY
560042,WASHINGTON,RASPBERRY RD,COUNTY
560133,WASHINGTON,GLENSIDE AVE,COUNTY
560195,WASHINGTON,REIDTOWN RD,COUNTY
560257,WASHINGTON,GOVERNOR LANE BLVD,COUNTY
560264,WASHINGTON,CHERRY HILL DR,COUNTY
560325,WASHINGTON,ROXBURY RD,COUNTY
560368,WASHINGTON,MATTLEY DR,COUNTY
560386,WASHINGTON,HOSTA DR,COUNTY
560391,WASHINGTON,MEADE CT,COUNTY
560419,WASHINGTON,COOL HOLLOW WAY,COUNTY
560537,WASHINGTON,HOMER DR,COUNTY
560593,WASHINGTON,WASHINGTON ST,COUNTY
560594,WASHINGTON,WARNER HOLLOW RD,COUNTY
560735,WASHINGTON,NURSERY RD,COUNTY
560764,WASHINGTON,ST MARYS CT,COUNTY
560781,WASHINGTON,WANETA DR,COUNTY
560785,WASHINGTON,THISTLE CT,COUNTY
560985,WASHINGTON,IROQUOIS AVE,COUNTY
561053,WASHINGTON,CEDAR RIDGE RD,COUNTY
561068,WASHINGTON,SCENIC VIEW CT,COUNTY
561240,WASHINGTON,FAHRNEYS CHURCH RD,COUNTY
561434,WASHINGTON,HAVEN HILL DR,COUNTY
561464,WASHINGTON,BREEZY ACRES RD,COUNTY
561493,WASHINGTON,EASTVIEW DR,COUNTY
561535,WASHINGTON,EVELYN AVE,COUNTY
561596,WASHINGTON,BURNSIDE AVE,COUNTY
561607,WASHINGTON,STARLIPER RD,COUNTY
561627,WASHINGTON,ZEMMA LA,COUNTY
561658,WASHINGTON,STOTLER RD,COUNTY
561708,WASHINGTON,STANFORD RD,COUNTY
561766,WASHINGTON,APPLETREE LA,COUNTY
561927,WASHINGTON,SERENITY DR,COUNTY
561947,WASHINGTON,WINTERBERRY RD,COUNTY
562035,WASHINGTON,WILSON BRIDGE PARK LA,COUNTY
562090,WASHINGTON,GOLF VIEW DR,COUNTY
562126,WASHINGTON,WOODMONT RD,COUNTY
562267,WASHINGTON,DIXIE DR,COUNTY
562271,WASHINGTON,CEMETERY LA,COUNTY
562341,WASHINGTON,TRICKLING SPRING LA,COUNTY
562345,WASHINGTON,BISHOP LA,COUNTY
562353,WASHINGTON,ROCKY FORGE RD,COUNTY
562357,WASHINGTON,INDUSTRIAL LA,COUNTY
562400,WASHINGTON,DRY RUN RD,COUNTY
562448,WASHINGTON,JEROME RD,COUNTY
562511,WASHINGTON,WELLSPRING DR,COUNTY
562677,WASHINGTON,BRATTON CT,COUNTY
562815,WASHINGTON,HEATHER DR,COUNTY
562864,WASHINGTON,CHIPPENDALE CIR,COUNTY
562966,WASHINGTON,BALDWIN DR,COUNTY
563003,WASHINGTON,SENSEL RD,COUNTY
563070,WASHINGTON,RAILWAY LA,COUNTY
563143,WASHINGTON,MAPLEWOOD CIR,COUNTY
563165,WASHINGTON,GAYWOOD DR,COUNTY
563208,WASHINGTON,WALNUT POINT WEST,COUNTY
563333,WASHINGTON,GILBERT HILLS DR,COUNTY
563338,WASHINGTON,BROOKMEADE DR,COUNTY
563467,WASHINGTON,GARRETTS MILL RD,COUNTY
563485,WASHINGTON,PENNYHILL LA,COUNTY
563538,WASHINGTON,WOOD POINT AVE,COUNTY
563604,WASHINGTON,YORK RD,COUNTY
563642,WASHINGTON,HASTINGS DR,COUNTY
563701,WASHINGTON,NORMAN CT,COUNTY
563801,WASHINGTON,SAN MAR RD,COUNTY
563831,WASHINGTON,MIKIE DR,COUNTY
563878,WASHINGTON,SHAWLEY DR,COUNTY
563907,WASHINGTON,CLEARVIEW RD,COUNTY
563975,WASHINGTON,BRENTWOOD TERR,COUNTY
564104,WASHINGTON,PARK HALL RD,COUNTY
564149,WASHINGTON,ROYER RD,COUNTY
564241,WASHINGTON,ONTARIO DR,COUNTY
564272,WASHINGTON,FRENCH LA,COUNTY
564331,WASHINGTON,CAVALRY DR,COUNTY
564444,WASHINGTON,WOODBURN DR,COUNTY
564527,WASHINGTON,CORNELL AVE,COUNTY
564552,WASHINGTON,ALLEN AVE,COUNTY
564634,WASHINGTON,HEPPLEWHITE CIR,COUNTY
564651,WASHINGTON,CAVETOWN CHURCH RD,COUNTY
564717,WASHINGTON,GREEN MEADOW LA,COUNTY
564756,WASHINGTON,WHITEHALL RD,COUNTY
564803,WASHINGTON,LOCKWOOD RD,COUNTY
564854,WASHINGTON,FOURTH ST EXT,COUNTY
565238,WASHINGTON,HUMP RD,COUNTY
565285,WASHINGTON,CLEAR RUN PL,COUNTY
565308,WASHINGTON,CREEK RD,COUNTY
565444,WASHINGTON,SUEDE LA,COUNTY
565481,WASHINGTON,PIN OAK RD,COUNTY
565647,WASHINGTON,PHYLANE DR,COUNTY
565709,WASHINGTON,DISTANT VIEW AVE,COUNTY
565734,WASHINGTON,PERFECTION COURT,COUNTY
565835,WASHINGTON,WILCOX DR,COUNTY
566038,WASHINGTON,SHILOH CHURCH RD,COUNTY
566083,WASHINGTON,HOLIDAY CIR,COUNTY
566411,WASHINGTON,NOTLEY RD,COUNTY
566419,WASHINGTON,GARIS SHOP RD,COUNTY
566471,WASHINGTON,CATAWBA CIR,COUNTY
566530,WASHINGTON,WISDOM WAY,COUNTY
566556,WASHINGTON,BREEZEWOOD DR,COUNTY
566557,WASHINGTON,VALLEY OVERLOOK CT,COUNTY
566611,WASHINGTON,APPLEWOOD CIR,COUNTY
566619,WASHINGTON,MILESTONE TERR,COUNTY
566757,WASHINGTON,FUNKHOUSER RD,COUNTY
567018,WASHINGTON,MOUNTAIN ASH RD,COUNTY
567058,WASHINGTON,LITTLE ANTIETAM RD,COUNTY
567076,WASHINGTON,ALLEGANY CT,COUNTY
567244,WASHINGTON,LYLES DR,COUNTY
567313,WASHINGTON,COLE RD,COUNTY
567363,WASHINGTON,OLD SECT OF PECTONVILLE RD,COUNTY
567529,WASHINGTON,KAYS CT,COUNTY
567668,WASHINGTON,DORCHESTER CT,COUNTY
567771,WASHINGTON,MARSH CIR,COUNTY
567871,WASHINGTON,MT WILLIAMS CIR,COUNTY
567880,WASHINGTON,WESTENBERGER DR,COUNTY
567919,WASHINGTON,TREE TOP DR,COUNTY
567946,WASHINGTON,SPRING VALLEY CIR,COUNTY
568018,WASHINGTON,PAR THREE DR,COUNTY
568060,WASHINGTON,NESBIT AVE,COUNTY
568070,WASHINGTON,PARK HALL RD,COUNTY
568165,WASHINGTON,RP 1 FR UNDERPASS WAY NB TO CO 666 WB,COUNTY
568206,WASHINGTON,GILARDI RD,COUNTY
568258,WASHINGTON,TILGHMANTON RD,COUNTY
568356,WASHINGTON,EARLEY DR,COUNTY
568480,WASHINGTON,RUSH RUN RD,COUNTY
568580,WASHINGTON,ARCHER LA,COUNTY
568667,WASHINGTON,BAIN RD,COUNTY
568792,WASHINGTON,DIXIE CIR,COUNTY
569019,WASHINGTON,SAMPLES MANOR DR,COUNTY
569064,WASHINGTON,CROFTON RD,COUNTY
569179,WASHINGTON,KINGSWOOD TERR,COUNTY
569322,WASHINGTON,AYRSHIRE CT,COUNTY
569363,WASHINGTON,SALEM CHURCH RD,COUNTY
569518,WASHINGTON,FOXLEIGH CT,COUNTY
569519,WASHINGTON,SPICKLER RD,COUNTY
569595,WASHINGTON,BOTTOM RD,COUNTY
569628,WASHINGTON,PARTRIDGE TRAIL,COUNTY
569690,WASHINGTON,JARKEY DR,COUNTY
569698,WASHINGTON,FIREBUSH DR,COUNTY
569716,WASHINGTON,KENT AVE,COUNTY
569723,WASHINGTON,APPLETOWN RD,COUNTY
569782,WASHINGTON,TIMOTHY DR,COUNTY
569803,WASHINGTON,JASMINE CT,COUNTY
569821,WASHINGTON,BECKLEY RD,COUNTY
569837,WASHINGTON,MASSEY BLVD (NB/L),COUNTY
569845,WASHINGTON,KELLER AVE,COUNTY
569875,WASHINGTON,PLANTERS LA,COUNTY
569894,WASHINGTON,PINEWOOD CIR,COUNTY
569961,WASHINGTON,GRUBER RD,COUNTY
570033,WASHINGTON,CASCADE RD,COUNTY
570036,WASHINGTON,STURGIS DR,COUNTY
570083,WASHINGTON,SPUR RD,COUNTY
570180,WASHINGTON,AMESBURY RD,COUNTY
570216,WASHINGTON,OLD DENEEN RD,COUNTY
570283,WASHINGTON,EMERALD DR,COUNTY
570343,WASHINGTON,MARBERN RD,COUNTY
570416,WASHINGTON,GARROW DR,COUNTY
570465,WASHINGTON,LINBAR DR,COUNTY
570601,WASHINGTON,GUARD CT,COUNTY
570652,WASHINGTON,BROOKFIELD AVE,COUNTY
570673,WASHINGTON,BRITNER AVE,COUNTY
570678,WASHINGTON,OTOOLE DR,COUNTY
570710,WASHINGTON,FEDERAL LOOKOUT RD,COUNTY
570738,WASHINGTON,NORTHCREST RD,COUNTY
570772,WASHINGTON,OAKMONT DR,COUNTY
570925,WASHINGTON,KING RD,COUNTY
570963,WASHINGTON,BUSINESS PKWY,COUNTY
571113,WASHINGTON,WOODSTOCK LA,COUNTY
571125,WASHINGTON,PRINCETON PL,COUNTY
571171,WASHINGTON,STAYMAN DR,COUNTY
571243,WASHINGTON,SUMMERLIN DR,COUNTY
571299,WASHINGTON,CRISTINS CIR,COUNTY
571335,WASHINGTON,APPALACHIAN CT,COUNTY
571340,WASHINGTON,RISER RD,COUNTY
571475,WASHINGTON,GREENBERRY RD,COUNTY
571510,WASHINGTON,FERGUSSON LA,COUNTY
571564,WASHINGTON,OLD HARPERS FERRY RD,COUNTY
571695,WASHINGTON,MAPLE RIDGE,COUNTY
571717,WASHINGTON,WILDERNESS RUN RD,COUNTY
571718,WASHINGTON,GOLDEN ANGEL COURT,COUNTY
571755,WASHINGTON,DELLWYN DR,COUNTY
571855,WASHINGTON,POPLAR GROVE RD,COUNTY
571998,WASHINGTON,LIMEKILN RD,COUNTY
572145,WASHINGTON,GRUMBACKER LA,COUNTY
572235,WASHINGTON,TECHNOLOGY BLVD,COUNTY
572239,WASHINGTON,KEMPER DR,COUNTY
572359,WASHINGTON,ANDERSON DR,COUNTY
572444,WASHINGTON,IVY WAY,COUNTY
572485,WASHINGTON,THORNHILL DR,COUNTY
572582,WASHINGTON,BINKLEY ST,COUNTY
572584,WASHINGTON,ELLIOTT PKWY,COUNTY
572585,WASHINGTON,WESTBURY CT,COUNTY
572704,WASHINGTON,MARBLE HILL CT,COUNTY
572710,WASHINGTON,INTERVAL RD,COUNTY
572745,WASHINGTON,ARTHUR LA,COUNTY
572848,WASHINGTON,SUNSET STRIP,COUNTY
572912,WASHINGTON,APPLETOWN RD,COUNTY
572991,WASHINGTON,MOUNTAIN MEADOW DR,COUNTY
573091,WASHINGTON,AIR PARK RD,COUNTY
573230,WASHINGTON,ERNESTVILLE RD,COUNTY
573437,WASHINGTON,HORSESHOE LA,COUNTY
573579,WASHINGTON,JOHN BROWN LA,COUNTY
573633,WASHINGTON,EDWARD DOUB RD,COUNTY
573707,WASHINGTON,RUBLE RD,COUNTY
573737,WASHINGTON,TROY LA,COUNTY
573741,WASHINGTON,DAYCOTAH AVE,COUNTY
573767,WASHINGTON,NAVAHO CIR,COUNTY
573817,WASHINGTON,DIANE DR,COUNTY
573818,WASHINGTON,FAIRPLAY RD,COUNTY
573825,WASHINGTON,PACER AVE,COUNTY
573910,WASHINGTON,MORNING DEW DR,COUNTY
573989,WASHINGTON,BENT WILLOW RD,COUNTY
574045,WASHINGTON,NEW HAVEN TERR,COUNTY
574077,WASHINGTON,PEACOCK TR,COUNTY
574079,WASHINGTON,HAMPTON RD EAST,COUNTY
574179,WASHINGTON,MT CARMEL CHURCH RD,COUNTY
574319,WASHINGTON,FOX CROFT CIR,COUNTY
574389,WASHINGTON,BLUEBELL DR,COUNTY
574411,WASHINGTON,FAIRFIELD RD,COUNTY
574520,WASHINGTON,ROCK HILL RD,COUNTY
574521,WASHINGTON,DEANEWOOD LA,COUNTY
574531,WASHINGTON,WICOMICO CT,COUNTY
574559,WASHINGTON,HIGHFIELD RD,COUNTY
574599,WASHINGTON,BRIAR PATCH LA,COUNTY
574647,WASHINGTON,PARAMOUNT TERR,COUNTY
574734,WASHINGTON,COVE RD,COUNTY
574918,WASHINGTON,ITNYRE RD,COUNTY
574962,WASHINGTON,REMSBURG RD,COUNTY
574963,WASHINGTON,WEBER WAY,COUNTY
574976,WASHINGTON,GREENWOOD DR,COUNTY
574993,WASHINGTON,ANTIETAM DR,COUNTY
575112,WASHINGTON,PARK AVE,COUNTY
575270,WASHINGTON,PARKWOOD CT,COUNTY
575326,WASHINGTON,LEON DR,COUNTY
575352,WASHINGTON,WALTZ RD,COUNTY
575424,WASHINGTON,COMMANCHE DR,COUNTY
575426,WASHINGTON,KEEFER RD,COUNTY
575461,WASHINGTON,MT ZION RD,COUNTY
575521,WASHINGTON,LEBECK DR,COUNTY
575576,WASHINGTON,CHILDACREST DR,COUNTY
575577,WASHINGTON,BLOSSOM LA,COUNTY
575619,WASHINGTON,CORBETT ST,COUNTY
575671,WASHINGTON,NEWGATE BLVD,COUNTY
575714,WASHINGTON,BEAVERBROOK DR,COUNTY
575855,WASHINGTON,REED RD,COUNTY
575873,WASHINGTON,EDITH AVE,COUNTY
575884,WASHINGTON,MORNING DEW DR,COUNTY
575898,WASHINGTON,WRIGHT RD,COUNTY
575921,WASHINGTON,GRANADA LA,COUNTY
575928,WASHINGTON,SPRIGGS RD,COUNTY
576090,WASHINGTON,BRIARCLIFF DR,COUNTY
576100,WASHINGTON,HEBB RD,COUNTY
576198,WASHINGTON,ROCK MAPLE CT,COUNTY
576330,WASHINGTON,ASHBURY CIR,COUNTY
576558,WASHINGTON,INDIAN LA,COUNTY
576736,WASHINGTON,SUNRISE DR,COUNTY
576779,WASHINGTON,VILLA TERR,COUNTY
576829,WASHINGTON,BENEVOLA CHURCH RD,COUNTY
576973,WASHINGTON,PLEASANTVILLE RD,COUNTY
576981,WASHINGTON,BRANDEN TERR,COUNTY
576987,WASHINGTON,EMMERT RD,COUNTY
577000,WASHINGTON,WATERY LA,COUNTY
577055,WASHINGTON,GENERAL HILL CIR,COUNTY
577104,WASHINGTON,TOMS RD,COUNTY
577127,WASHINGTON,MILLSTONE RD,COUNTY
577172,WASHINGTON,MOONSTONE DR,COUNTY
577187,WASHINGTON,MT LOCK CANAL RD,COUNTY
577195,WASHINGTON,KIMBERLEY DR,COUNTY
577198,WASHINGTON,EMERSON DR,COUNTY
577225,WASHINGTON,HUYETT LA,COUNTY
577251,WASHINGTON,PENDLETON CT,COUNTY
577252,WASHINGTON,MOSER RD,COUNTY
577417,WASHINGTON,HOFFMASTER RD,COUNTY
577426,WASHINGTON,NATIONAL PIKE,COUNTY
577451,WASHINGTON,BROWNSVILLE RD,COUNTY
577638,WASHINGTON,POINT SALEM RD,COUNTY
577698,WASHINGTON,MEADOW ROCK DR,COUNTY
577712,WASHINGTON,WELTY CHURCH RD,COUNTY
577762,WASHINGTON,HAMPTON RD,COUNTY
577790,WASHINGTON,LAKE DR,COUNTY
577812,WASHINGTON,BOONSBORO MOUNTAIN RD,COUNTY
577849,WASHINGTON,MUSKET CT,COUNTY
577909,WASHINGTON,WEST LAWN LA,COUNTY
577959,WASHINGTON,BENTWOOD DR,COUNTY
578005,WASHINGTON,SHOCKEYE STATION RD,COUNTY
578053,WASHINGTON,SHERWOOD DR,COUNTY
578058,WASHINGTON,HARVEST CT,COUNTY
578092,WASHINGTON,IDEAL CIRCLE,COUNTY
578157,WASHINGTON,TOLL PASS LA,COUNTY
578165,WASHINGTON,SPRING VALLEY DR,COUNTY
578216,WASHINGTON,GREEN VALLEY RD,COUNTY
578268,WASHINGTON,GARDEN LA,COUNTY
578334,WASHINGTON,RED MAPLE DR,COUNTY
578411,WASHINGTON,PEACHTREE LA,COUNTY
578528,WASHINGTON,WOODLAND HEIGHTS DR,COUNTY
578582,WASHINGTON,RENCH RD,COUNTY
578647,WASHINGTON,VIOLET RD,COUNTY
578837,WASHINGTON,LUELLA PL,COUNTY
579008,WASHINGTON,WOODVALE CT,COUNTY
579081,WASHINGTON,MANOR CHURCH RD,COUNTY
579112,WASHINGTON,RITCHIE RD,COUNTY
579202,WASHINGTON,SCOTT DR,COUNTY
579223,WASHINGTON,CORNER RD,COUNTY
579313,WASHINGTON,SHINNECOCK CT,COUNTY
579353,WASHINGTON,STEIN RD,COUNTY
579363,WASHINGTON,RAINBOW AVE,COUNTY
579376,WASHINGTON,PLANTATION DR,COUNTY
579505,WASHINGTON,RUBY CIR,COUNTY
579543,WASHINGTON,BROWNSVILLE PASS,COUNTY
579591,WASHINGTON,ENGLEWOOD RD,COUNTY
579614,WASHINGTON,NORTHMEADOW DR,COUNTY
579797,WASHINGTON,HICKSVILLE RD,COUNTY
579810,WASHINGTON,KEEDYSVILLE RD,COUNTY
579830,WASHINGTON,WYNCOTE DR,COUNTY
579840,WASHINGTON,SOUTH POINTE DR,COUNTY
579852,WASHINGTON,ELMWOOD FARM RD,COUNTY
579866,WASHINGTON,TROTTER DR,COUNTY
579877,WASHINGTON,HOPKINS LA,COUNTY
579879,WASHINGTON,MILLS RD,COUNTY
579904,WASHINGTON,RICHWOOD DR,COUNTY
580077,WASHINGTON,HARVEY RD NORTH,COUNTY
580092,WASHINGTON,COHILL RD,COUNTY
580094,WASHINGTON,GROUSE LA N,COUNTY
580232,WASHINGTON,FAIRFAX RD,COUNTY
580258,WASHINGTON,BOXWOOD CIR,COUNTY
580267,WASHINGTON,MARK AVE,COUNTY
580344,WASHINGTON,MCINTOSH CIR,COUNTY
580385,WASHINGTON,MORGAN PINES RD,COUNTY
580403,WASHINGTON,HICKORY SCHOOL RD,COUNTY
580577,WASHINGTON,NO NAME,COUNTY
580589,WASHINGTON,ERNSTVILLE RD,COUNTY
580602,WASHINGTON,WEST OAK RIDGE EXT,COUNTY
580634,WASHINGTON,SYKE CT,COUNTY
580704,WASHINGTON,ROESSNER AVE,COUNTY
580737,WASHINGTON,MARTIN CIR,COUNTY
580809,WASHINGTON,PORTSMOUTH DR,COUNTY
580819,WASHINGTON,SCARLET SAGE CT,COUNTY
580908,WASHINGTON,CHRISTY AVE,COUNTY
580911,WASHINGTON,JAMESTOWN DR,COUNTY
581151,WASHINGTON,PEMBROKE DR,COUNTY
581216,WASHINGTON,TILLMAN AVE,COUNTY
581253,WASHINGTON,WINDING OAK DR,COUNTY
581322,WASHINGTON,RIVER ROCK CT,COUNTY
581394,WASHINGTON,MCCOY RD,COUNTY
581398,WASHINGTON,WOODBRIDGE DR,COUNTY
581408,WASHINGTON,FAIRWAY LA,COUNTY
581417,WASHINGTON,HARWOOD RD,COUNTY
581478,WASHINGTON,HAMPSHIRE DR,COUNTY
581483,WASHINGTON,TREGO RD,COUNTY
581551,WASHINGTON,AILANTHUS DR,COUNTY
581854,WASHINGTON,VICTORY DR,COUNTY
581965,WASHINGTON,BRIGETTES CT,COUNTY
581988,WASHINGTON,CARRIAGE HILL DR,COUNTY
582014,WASHINGTON,RIVER BEND CT,COUNTY
582025,WASHINGTON,JESWOOD DR,COUNTY
582028,WASHINGTON,EASTWOOD CT,COUNTY
582030,WASHINGTON,ROBINSON RD,COUNTY
582043,WASHINGTON,STRITE RD,COUNTY
582044,WASHINGTON,CHICKASAW CT,COUNTY
582188,WASHINGTON,HIGHFIELD RD,COUNTY
582276,WASHINGTON,HOLLY TERR,COUNTY
582333,WASHINGTON,CANDLEWOOD LA,COUNTY
582350,WASHINGTON,DOVER DR,COUNTY
582367,WASHINGTON,HILLBROOK DR,COUNTY
582383,WASHINGTON,BUZZARD KNOB LA,COUNTY
582552,WASHINGTON,VAN LEAR DR,COUNTY
582590,WASHINGTON,HONEYFIELD RD,COUNTY
582611,WASHINGTON,ST PAUL RD,COUNTY
582652,WASHINGTON,MILLERS SAW MILL RD,COUNTY
582731,WASHINGTON,HOLIDAY DR,COUNTY
582733,WASHINGTON,ORCHARD HILLS PKWY,COUNTY
582790,WASHINGTON,COFFMAN AVE,COUNTY
583145,WASHINGTON,NORTH LYNN CT,COUNTY
583201,WASHINGTON,AUTO PL,COUNTY
583290,WASHINGTON,MOORESVILLE RD,COUNTY
583411,WASHINGTON,DAM NO 5 RD,COUNTY
583616,WASHINGTON,SHAMROCK LA,COUNTY
583635,WASHINGTON,SAND WEDGE DR,COUNTY
583644,WASHINGTON,NEW BURNSIDE BRIDGE RD,COUNTY
583705,WASHINGTON,NEWCOMER RD,COUNTY
584013,WASHINGTON,NAVAHO CIR (SB/L),COUNTY
584039,WASHINGTON,PIONEER DR,COUNTY
584180,WASHINGTON,CLUBHOUSE DR,COUNTY
584181,WASHINGTON,ROYAL RD,COUNTY
584270,WASHINGTON,MILL ST,COUNTY
584377,WASHINGTON,ROCKLAND DR,COUNTY
584424,WASHINGTON,CLAYMONT DR,COUNTY
584440,WASHINGTON,BOXFORD LA,COUNTY
584454,WASHINGTON,EASTWOOD DR,COUNTY
584520,WASHINGTON,CATHOLIC CHURCH RD,COUNTY
584522,WASHINGTON,PECKTONVILLE RD,COUNTY
584538,WASHINGTON,GIFT RD,COUNTY
584592,WASHINGTON,SNYDERS LANDING RD,COUNTY
584613,WASHINGTON,MIDVALE ST,COUNTY
584772,WASHINGTON,ORCHARD TERRACE RD,COUNTY
585002,WASHINGTON,MOHAWK DR,COUNTY
585043,WASHINGTON,STEVEN AVE,COUNTY
585058,WASHINGTON,SEMINOLE DR,COUNTY
585154,WASHINGTON,ELLIOTT PL,COUNTY
585215,WASHINGTON,STUART DR,COUNTY
585309,WASHINGTON,FRANKS RUN RD,COUNTY
585433,WASHINGTON,MEDICAL CAMPUS RD (SB/L),COUNTY
585468,WASHINGTON,BLUEGRASS DR,COUNTY
585494,WASHINGTON,NORWAY MAPLE DR,COUNTY
585549,WASHINGTON,BRIARWOOD DR,COUNTY
585587,WASHINGTON,BEVERLY DR,COUNTY
585774,WASHINGTON,WHEELER RD,COUNTY
585849,WASHINGTON,NO NAME,COUNTY
585873,WASHINGTON,BLACK ROCK LA,COUNTY
585923,WASHINGTON,MILDRED DR,COUNTY
586011,WASHINGTON,LIGHT ST,COUNTY
586039,WASHINGTON,BARNHART RD,COUNTY
586089,WASHINGTON,RIDENOUR RD,COUNTY
586117,WASHINGTON,FOUNTAIN TERR,COUNTY
586283,WASHINGTON,SPRECHER RD,COUNTY
586289,WASHINGTON,RENWICK TERR,COUNTY
586330,WASHINGTON,OTTAWA DR,COUNTY
586342,WASHINGTON,LINDENHURST CT,COUNTY
586349,WASHINGTON,KRETSINGER RD,COUNTY
586359,WASHINGTON,RABBIT CT,COUNTY
586367,WASHINGTON,MEADOW VIEW DR,COUNTY
586407,WASHINGTON,JENNIFER LA,COUNTY
586419,WASHINGTON,CARLYLE CT,COUNTY
586546,WASHINGTON,WABASH AVE,COUNTY
586572,WASHINGTON,HOLLYMEAD TERR,COUNTY
586588,WASHINGTON,SUGAR MAPLE CT,COUNTY
586651,WASHINGTON,WILDBERRY COURT,COUNTY
586662,WASHINGTON,THE TERRACE,COUNTY
586680,WASHINGTON,DOGWOOD DR,COUNTY
586715,WASHINGTON,AMBER DR,COUNTY
586743,WASHINGTON,BULLOCK CT,COUNTY
586751,WASHINGTON,MEDWAY RD,COUNTY
586755,WASHINGTON,GREYSTONE DR,COUNTY
586765,WASHINGTON,DAY BREAK CT,COUNTY
586794,WASHINGTON,JAMESTOWN CT,COUNTY
586800,WASHINGTON,HOLLYHOCK RD,COUNTY
586862,WASHINGTON,PONTIUS LA,COUNTY
586975,WASHINGTON,ELAINES WAY,COUNTY
587194,WASHINGTON,APPLEWOOD DR,COUNTY
587200,WASHINGTON,ANGLE DR,COUNTY
587256,WASHINGTON,GENTRY DR,COUNTY
587385,WASHINGTON,KAISER RIDGE RD,COUNTY
587517,WASHINGTON,SHOWALTER RD,COUNTY
587546,WASHINGTON,SPLENDOR VIEW TER,COUNTY
587574,WASHINGTON,TAMMANY LA,COUNTY
587617,WASHINGTON,PARK RD,COUNTY
587658,WASHINGTON,BOTTENFIELD RD,COUNTY
587766,WASHINGTON,STONE VALLEY DR,COUNTY
587921,WASHINGTON,MONROE RD,COUNTY
587989,WASHINGTON,HUNTERS GREEN PKWY,COUNTY
588021,WASHINGTON,CREST VIEW AVE,COUNTY
588022,WASHINGTON,DICKENSON LA,COUNTY
588086,WASHINGTON,DELWOOD AVE,COUNTY
588125,WASHINGTON,BUCKSKIN CT,COUNTY
588245,WASHINGTON,FIELDSTONE DR,COUNTY
588543,WASHINGTON,CATHEDRAL AVE,COUNTY
588600,WASHINGTON,TEAKWOOD DR,COUNTY
588670,WASHINGTON,SHALOM LA,COUNTY
588841,WASHINGTON,CEDARLAWN DR,COUNTY
588929,WASHINGTON,IRENE DR,COUNTY
588980,WASHINGTON,THIRD ST,COUNTY
589185,WASHINGTON,OLDE SAYBROOK CIR,COUNTY
589203,WASHINGTON,TRENGAIL RD,COUNTY
589277,WASHINGTON,UNGER RD,COUNTY
589396,WASHINGTON,BLUEBELL CT,COUNTY
589405,WASHINGTON,WEAVERTON RD,COUNTY
589408,WASHINGTON,COLE RD (EB/L),COUNTY
589409,WASHINGTON,ALLEY SECURITY RD,COUNTY
589417,WASHINGTON,TOP FLIGHT CT,COUNTY
589432,WASHINGTON,ROWE RD,COUNTY
589451,WASHINGTON,BOWEN CT,COUNTY
589491,WASHINGTON,DAY VIEW DR,COUNTY
589496,WASHINGTON,TIMBER LA,COUNTY
589523,WASHINGTON,RUFUS WILSON RD,COUNTY
589634,WASHINGTON,ZITTLESTOWN RD,COUNTY
589809,WASHINGTON,NISWANDER RD,COUNTY
589860,WASHINGTON,BROOKS AVE,COUNTY
589983,WASHINGTON,GARDENWOOD DR,COUNTY
590079,WASHINGTON,MARY FLOWERS WAY,COUNTY
590290,WASHINGTON,BIRCH KNOLL,COUNTY
590401,WASHINGTON,MCDADE RD,COUNTY
590411,WASHINGTON,WESLEY DR,COUNTY
590431,WASHINGTON,SOUTHERN OAK DR,COUNTY
590521,WASHINGTON,EVERLY RD,COUNTY
590804,WASHINGTON,KUHNS RIDGE RD,COUNTY
590839,WASHINGTON,HOLLY TERR CIR E,COUNTY
590882,WASHINGTON,MARTIN ST,COUNTY
590899,WASHINGTON,MONTCLAIR CT,COUNTY
591048,WASHINGTON,BUCKY AVE,COUNTY
591060,WASHINGTON,CIVIC CIR,COUNTY
591110,WASHINGTON,LINWOOD AVE,COUNTY
591141,WASHINGTON,OVERBROOK RD,COUNTY
591156,WASHINGTON,FLOWER AVE,COUNTY
591210,WASHINGTON,MUMMERT RD,COUNTY
591233,WASHINGTON,STEVENSON RD,COUNTY
591321,WASHINGTON,GREENMOUNT AVE,COUNTY
591331,WASHINGTON,JOHNNYCAKE LA,COUNTY
591394,WASHINGTON,CLEARWAY DR,COUNTY
591486,WASHINGTON,REDAMAR DR,COUNTY
591519,WASHINGTON,STILL MEADOW RD,COUNTY
591520,WASHINGTON,EXLINE RD,COUNTY
591545,WASHINGTON,GREENFIELD AVE,COUNTY
591583,WASHINGTON,LOMBARD ST,COUNTY
591655,WASHINGTON,MILLBROOK RD,COUNTY
591719,WASHINGTON,SPRINGDALE AVE,COUNTY
591725,WASHINGTON,PIERCE CT,COUNTY
591765,WASHINGTON,WALDRON PL,COUNTY
591875,WASHINGTON,HOLLOW TREE LA,COUNTY
592069,WASHINGTON,WOLFSVILLE RD,COUNTY
592208,WASHINGTON,PARADISE MANOR DR,COUNTY
592233,WASHINGTON,SEAVOLT RD,COUNTY
592242,WASHINGTON,RESLEY RD,COUNTY
592285,WASHINGTON,BLUEBIRD AVE,COUNTY
592377,WASHINGTON,BRIGHTWOOD DR,COUNTY
592386,WASHINGTON,INGRAM DR,COUNTY
592432,WASHINGTON,PRESTWICK DR,COUNTY
592519,WASHINGTON,CANTERBURY DR,COUNTY
592571,WASHINGTON,GREEN SPRING FURNACE RD,COUNTY
592610,WASHINGTON,WANDERING LA,COUNTY
592647,WASHINGTON,COVENTRY LA,COUNTY
592848,WASHINGTON,FALKIRK TERR,COUNTY
592870,WASHINGTON,GORDON CIR,COUNTY
592969,WASHINGTON,CRESTWOOD DR,COUNTY
592981,WASHINGTON,STONE ROW LA,COUNTY
592984,WASHINGTON,DARGAN RD,COUNTY
592986,WASHINGTON,GRISTMILL LA,COUNTY
593045,WASHINGTON,PLUMWOOD DR,COUNTY
593047,WASHINGTON,WHITETAIL RD,COUNTY
593085,WASHINGTON,SHERIDAN AVE,COUNTY
593148,WASHINGTON,WESTERN MARYLAND PKWY,COUNTY
593150,WASHINGTON,HOUCK AVE (WB/L),COUNTY
593268,WASHINGTON,GREEN TREE LA,COUNTY
593427,WASHINGTON,ARBOR DR,COUNTY
593487,WASHINGTON,SHAOOL PL,COUNTY
593488,WASHINGTON,LEHIGH AVE,COUNTY
593528,WASHINGTON,GREENWICH DR,COUNTY
593557,WASHINGTON,YOURTEE RD,COUNTY
593656,WASHINGTON,MARIGOLD DR,COUNTY
593725,WASHINGTON,BIVENS LA,COUNTY
593846,WASHINGTON,FORD DR,COUNTY
593873,WASHINGTON,EL PASO DR,COUNTY
593916,WASHINGTON,MANSFIELD RD,COUNTY
593940,WASHINGTON,POWELL RD,COUNTY
593980,WASHINGTON,BREEZE HILL DR,COUNTY
593984,WASHINGTON,PLUMWOOD CIR,COUNTY
594005,WASHINGTON,AIRVIEW RD,COUNTY
594009,WASHINGTON,BROADFORDING CHURCH RD,COUNTY
594111,WASHINGTON,DONNYBROOK DR,COUNTY
594196,WASHINGTON,WOODBURY WALK,COUNTY
594227,WASHINGTON,PRESTON RD,COUNTY
594380,WASHINGTON,CELESTE DR,COUNTY
594498,WASHINGTON,HOLLYWOOD RD,COUNTY
594685,WASHINGTON,HENLINE RD,COUNTY
594718,WASHINGTON,ALVA CT,COUNTY
594966,WASHINGTON,BRADFORD DR,COUNTY
595090,WASHINGTON,KNOTTY PINE DR,COUNTY
595141,WASHINGTON,PEPPERCORN DR,COUNTY
595198,WASHINGTON,BERM RD,COUNTY
595277,WASHINGTON,GEN ANDERSON CT,COUNTY
595297,WASHINGTON,MILES ST,COUNTY
595350,WASHINGTON,ROESSNER DR,COUNTY
595443,WASHINGTON,PARK HALL RD,COUNTY
595455,WASHINGTON,ESSEX DR,COUNTY
595456,WASHINGTON,LONDONTOWNE DR (SB/L),COUNTY
595547,WASHINGTON,DENEEN RD,COUNTY
595649,WASHINGTON,WAVY HILL DR,COUNTY
595686,WASHINGTON,NETZ RD,COUNTY
595850,WASHINGTON,LEISHER COURT,COUNTY
595949,WASHINGTON,MARVIN AVE,COUNTY
595971,WASHINGTON,SUN VALLEY DR,COUNTY
596155,WASHINGTON,MASSEY BLVD,COUNTY
596365,WASHINGTON,OLDE WATERFORD RD,COUNTY
596386,WASHINGTON,PROSPECT HILL RD,COUNTY
596513,WASHINGTON,BABYLON CT,COUNTY
596573,WASHINGTON,ROBERTS RD,COUNTY
596751,WASHINGTON,HOFFMAN DR,COUNTY
596848,WASHINGTON,REPUBLICAN AVE,COUNTY
596927,WASHINGTON,HIGH RIDGE CT,COUNTY
596999,WASHINGTON,NECK RD,COUNTY
597032,WASHINGTON,TOWNSEND RD,COUNTY
597113,WASHINGTON,FOX CHASE COURT,COUNTY
597181,WASHINGTON,UNDERPASS WAY (NB/L),COUNTY
597227,WASHINGTON,NO NAME,COUNTY
597300,WASHINGTON,FOURTH ST,COUNTY
597378,WASHINGTON,YARROWSBURG RD,COUNTY
597437,WASHINGTON,ALPINE DR,COUNTY
597476,WASHINGTON,LARRABEE AVE,COUNTY
597624,WASHINGTON,COUNTRY STORE LA,COUNTY
597652,WASHINGTON,MAUGANS AVE,COUNTY
597670,WASHINGTON,SCARLET OAK DR,COUNTY
597672,WASHINGTON,RANDALL LA,COUNTY
597691,WASHINGTON,GARNETTE AVE,COUNTY
597745,WASHINGTON,FAITH RD,COUNTY
597766,WASHINGTON,ROBERTS LA,COUNTY
597864,WASHINGTON,COOL HOLLOW DR,COUNTY
597914,WASHINGTON,BECK RD,COUNTY
597964,WASHINGTON,SHELBY CIRCLE,COUNTY
598015,WASHINGTON,BOONSBORO MOUNTAIN RD,COUNTY
598026,WASHINGTON,COFFMAN FARMS RD,COUNTY
598083,WASHINGTON,ORCHID DR,COUNTY
598129,WASHINGTON,RIDER CT,COUNTY
598206,WASHINGTON,OLDE IPSWICH CIR,COUNTY
598222,WASHINGTON,BOWER AVE,COUNTY
598268,WASHINGTON,TROVINGER MILL RD,COUNTY
598290,WASHINGTON,ABBEY LA,COUNTY
598307,WASHINGTON,MARILEW CT,COUNTY
598372,WASHINGTON,RINGGOLD ST,COUNTY
598469,WASHINGTON,N COLONIAL DR,COUNTY
598470,WASHINGTON,UNDERPASS WAY,COUNTY
598515,WASHINGTON,TRANSPORTATION CIR,COUNTY
598527,WASHINGTON,KUHN AVE,COUNTY
598538,WASHINGTON,MICHAELS CT,COUNTY
598556,WASHINGTON,SOUTH VALLEY DR,COUNTY
598645,WASHINGTON,HARTLE RD,COUNTY
598792,WASHINGTON,MARION ST,COUNTY
598870,WASHINGTON,VALLEY RD,COUNTY
598955,WASHINGTON,ROCKY MEADOW RD,COUNTY
599145,WASHINGTON,BETTYS AVE,COUNTY
599173,WASHINGTON,WOODVIEW COURT,COUNTY
599204,WASHINGTON,PADEN AVE,COUNTY
599215,WASHINGTON,CHURCHEY RD,COUNTY
599285,WASHINGTON,BRAGG CT,COUNTY
599334,WASHINGTON,BIRCHWOOD LA,COUNTY
599354,WASHINGTON,NORTH VALLEY DR,COUNTY
599356,WASHINGTON,WOODSIDE DR,COUNTY
599389,WASHINGTON,QUEEN ANNES CT,COUNTY
599436,WASHINGTON,ACADEMY LA,COUNTY
599467,WASHINGTON,QUIRAUK SCHOOL RD,COUNTY
599696,WASHINGTON,HYACINTH CT,COUNTY
599698,WASHINGTON,YARROWSBURG RD,COUNTY
599757,WASHINGTON,GLENDALE DR,COUNTY
599854,WASHINGTON,BREATHEDSVILLE RD,COUNTY
599896,WASHINGTON,COLLIER CT,COUNTY
599901,WASHINGTON,HETZER DR,COUNTY
599942,WASHINGTON,AQUEDUCT LA,COUNTY
600040,WASHINGTON,BARBARA DR,COUNTY
600070,WASHINGTON,LINCOLNSHIRE RD,COUNTY
600086,WASHINGTON,SUNFLOWER DR,COUNTY
600107,WASHINGTON,RUTLEDGE CT,COUNTY
600122,WASHINGTON,PICKETT CT,COUNTY
600148,WASHINGTON,SHORT DR,COUNTY
600217,WASHINGTON,SPRING HILL DR,COUNTY
600226,WASHINGTON,GARDEN SPOT DR,COUNTY
600229,WASHINGTON,BRIGHTWOOD CIR,COUNTY
600315,WASHINGTON,OLIVEWOOD DR,COUNTY
600351,WASHINGTON,OLDE STONE CT,COUNTY
600400,WASHINGTON,SWEET VALE DR,COUNTY
600436,WASHINGTON,MEADOWLARK AVE,COUNTY
600455,WASHINGTON,WOODBINE LA,COUNTY
600517,WASHINGTON,CAFOXA DR,COUNTY
600529,WASHINGTON,MAJESTIC MEADOW LA,COUNTY
600583,WASHINGTON,ROSE HILL AVE,COUNTY
600687,WASHINGTON,JEFFERY DR,COUNTY
600720,WASHINGTON,DEER PATH,COUNTY
600770,WASHINGTON,BETHLEHEM CT,COUNTY
600795,WASHINGTON,KAETZEL RD,COUNTY
600809,WASHINGTON,CHERRY HILL CIR,COUNTY
600862,WASHINGTON,HERMAN MYERS RD,COUNTY
600949,WASHINGTON,OAK VALLEY DR,COUNTY
600965,WASHINGTON,CLOVERLEAF RD,COUNTY
601080,WASHINGTON,READING DR,COUNTY
601286,WASHINGTON,MOCKINGBIRD LA,COUNTY
601446,WASHINGTON,CEDAR CREST AVE,COUNTY
601653,WASHINGTON,WINDSOR DR,COUNTY
601700,WASHINGTON,NICK RD,COUNTY
601753,WASHINGTON,CRESSPOND RD,COUNTY
601765,WASHINGTON,KENDLE RD,COUNTY
601989,WASHINGTON,WOODBRIDGE  CT,COUNTY
602101,WASHINGTON,ORE BANK RD,COUNTY
602144,WASHINGTON,PARADISE DR,COUNTY
602263,WASHINGTON,RP 7 FR CO 666 WB TO UNDERPASS WAY SB,COUNTY
602364,WASHINGTON,SMOKETOWN RD,COUNTY
602389,WASHINGTON,CASPER RD,COUNTY
602405,WASHINGTON,EASTERDAY CT,COUNTY
602491,WASHINGTON,CINDY LA,COUNTY
602494,WASHINGTON,WHITESTONE COURT,COUNTY
602693,WASHINGTON,HOPEWELL RD (NB/L),COUNTY
602731,WASHINGTON,TENNEBROOK RD,COUNTY
602748,WASHINGTON,DUSTIN DR,COUNTY
602768,WASHINGTON,REIFF CHURCH RD,COUNTY
602771,WASHINGTON,GREEN TREE TERR,COUNTY
602801,WASHINGTON,RAMBLING PINES PL,COUNTY
602989,WASHINGTON,TAMMANY MANOR RD,COUNTY
603013,WASHINGTON,EDEN DR,COUNTY
603047,WASHINGTON,VILLAGE MILL DR,COUNTY
603064,WASHINGTON,HEISTERBORO RD,COUNTY
603107,WASHINGTON,LONDON TOWNE DR,COUNTY
603138,WASHINGTON,WALNUT POINT RD,COUNTY
603208,WASHINGTON,REDWOOD DR,COUNTY
603211,WASHINGTON,GROUSE LANE S,COUNTY
603244,WASHINGTON,STALEY DR,COUNTY
603331,WASHINGTON,WREN LA,COUNTY
603404,WASHINGTON,VANTAGE CT,COUNTY
603568,WASHINGTON,VILLAGE MILL DR,COUNTY
603690,WASHINGTON,SECURITY RD,COUNTY
603883,WASHINGTON,OLD COLONY LA,COUNTY
603934,WASHINGTON,HICKORY LA,COUNTY
604104,WASHINGTON,PULASKI DR,COUNTY
604140,WASHINGTON,STOUFFER AVE,COUNTY
604554,WASHINGTON,S COLONIAL DR,COUNTY
604619,WASHINGTON,HOLSINGER DR,COUNTY
604633,WASHINGTON,STONEWALL PASSAGE,COUNTY
604713,WASHINGTON,RESH RD,COUNTY
604757,WASHINGTON,SANDLEWOOD CT,COUNTY
604765,WASHINGTON,SOUTH LYNN CT,COUNTY
604768,WASHINGTON,MALLARD DR,COUNTY
604774,WASHINGTON,KNOLL DR,COUNTY
604779,WASHINGTON,SWANN RD,COUNTY
604867,WASHINGTON,BEAVER CREEK CHURCH RD,COUNTY
605133,WASHINGTON,POPE AVE,COUNTY
605199,WASHINGTON,BENTLEY CT,COUNTY
605257,WASHINGTON,MAYFAIR AVE,COUNTY
605350,WASHINGTON,MARBLE QUARRY RD,COUNTY
605573,WASHINGTON,GREENSBURG RD,COUNTY
605633,WASHINGTON,PARKWOOD DR,COUNTY
605685,WASHINGTON,DIVISION AVE,COUNTY
605703,WASHINGTON,MOATS RD,COUNTY
605791,WASHINGTON,GENERAL GORDON CIR,COUNTY
605866,WASHINGTON,VENTURE DR,COUNTY
605940,WASHINGTON,CHARTRIDGE DR,COUNTY
606028,WASHINGTON,BAYBERRY CT,COUNTY
606042,WASHINGTON,DAWN DR,COUNTY
606049,WASHINGTON,CONEY CT,COUNTY
606103,WASHINGTON,THORNBERRY RD,COUNTY
606114,WASHINGTON,SANI LA,COUNTY
606199,WASHINGTON,HALIFAX DR,COUNTY
606228,WASHINGTON,PIPER LA,COUNTY
606418,WASHINGTON,GREEN MOUNTAIN DR,COUNTY
606440,WASHINGTON,DOLORES CT,COUNTY
606568,WASHINGTON,LEHMANS MILL RD,COUNTY
606631,WASHINGTON,WILLOW RD,COUNTY
606844,WASHINGTON,CLIFTON AVE (SB/L),COUNTY
606925,WASHINGTON,CECIL CT,COUNTY
607058,WASHINGTON,RONNIE DR,COUNTY
607069,WASHINGTON,CAMPBELL CT,COUNTY
607075,WASHINGTON,MARCIA CT,COUNTY
607089,WASHINGTON,LUXOR LA,COUNTY
607112,WASHINGTON,STEER CT,COUNTY
607194,WASHINGTON,NO NAME,COUNTY
607269,WASHINGTON,SOUTH FORK DR,COUNTY
607524,WASHINGTON,ANGELA CT,COUNTY
607583,WASHINGTON,COLD HARBOR DR,COUNTY
607625,WASHINGTON,PINEHILL DR,COUNTY
607702,WASHINGTON,ARTILLERY DR,COUNTY
607776,WASHINGTON,LONGSTREET CIR,COUNTY
607791,WASHINGTON,MEADOWLARK AVE,COUNTY
607846,WASHINGTON,CHERRY TREE CIR,COUNTY
607997,WASHINGTON,HIGHLANE ST,COUNTY
608090,WASHINGTON,BLACKBERRY LA,COUNTY
608320,WASHINGTON,DAVIDSON DR,COUNTY
608352,WASHINGTON,SADDLEBROOKE LA,COUNTY
608353,WASHINGTON,PROPHET ACRES RD,COUNTY
608393,WASHINGTON,CARRIE CT,COUNTY
608413,WASHINGTON,MOSBY DR,COUNTY
608425,WASHINGTON,LINCOLN AVE,COUNTY
608488,WASHINGTON,ROHRERSVILLE SCHOOL RD,COUNTY
608607,WASHINGTON,GEN STONEWALL JACKSON CIR,COUNTY
608704,WASHINGTON,PEAR TREE LA,COUNTY
608861,WASHINGTON,EXETER CT,COUNTY
608986,WASHINGTON,ROCKLAND DR (EB/L),COUNTY
609027,WASHINGTON,INDIAN LA,COUNTY
609076,WASHINGTON,KELLYS LA,COUNTY
609312,WASHINGTON,FOURTH ST,COUNTY
609315,WASHINGTON,PLEASANT VALLEY RD,COUNTY
609321,WASHINGTON,SMITH RD,COUNTY
609379,WASHINGTON,ROUND TOP RD,COUNTY
609438,WASHINGTON,ELMWOOD RD,COUNTY
609606,WASHINGTON,PUTTER DR,COUNTY
609718,WASHINGTON,CRANBERRY CT,COUNTY
609759,WASHINGTON,GROSH AVE,COUNTY
609784,WASHINGTON,HUNTERS WOODS DR,COUNTY
609797,WASHINGTON,NO NAME,COUNTY
609820,WASHINGTON,WILL RICH DR,COUNTY
609847,WASHINGTON,HESS RD,COUNTY
609874,WASHINGTON,PANGBORN BLVD,COUNTY
609883,WASHINGTON,ROYAL CIR,COUNTY
609886,WASHINGTON,MILLSTONE CIR,COUNTY
609896,WASHINGTON,MILE MARKER LA,COUNTY
609999,WASHINGTON,GOOSE ST,COUNTY
610049,WASHINGTON,NATURAL WELL RD,COUNTY
610072,WASHINGTON,BERWICK TERR,COUNTY
610074,WASHINGTON,MANCHESTER DR,COUNTY
610092,WASHINGTON,MAGGIES CT,COUNTY
610116,WASHINGTON,GARRISON HOLLOW RD,COUNTY
610123,WASHINGTON,GREENDALE DR,COUNTY
610169,WASHINGTON,PINESBURG RD,COUNTY
610294,WASHINGTON,BLAKE RD,COUNTY
610310,WASHINGTON,CITICORP DR,COUNTY
610344,WASHINGTON,HOLIDAY CIR (NB/L),COUNTY
610369,WASHINGTON,LEONA AVE,COUNTY
610390,WASHINGTON,EARTH CARE RD,COUNTY
610421,WASHINGTON,YORK RD,COUNTY
610449,WASHINGTON,GROVE RD,COUNTY
610478,WASHINGTON,ISLAND DRIVE,COUNTY
610628,WASHINGTON,SHIRLEY CT,COUNTY
610717,WASHINGTON,HOMESTEAD DR,COUNTY
610879,WASHINGTON,DUAL PL,COUNTY
610894,WASHINGTON,SANDSTONE DR,COUNTY
610944,WASHINGTON,GALILEE RD,COUNTY
610962,WASHINGTON,BACK RD,COUNTY
611023,WASHINGTON,MILL POINT RD,COUNTY
611079,WASHINGTON,KURTYKA CIR,COUNTY
611170,WASHINGTON,WELLINGTON RD,COUNTY
611418,WASHINGTON,ROSEBANK WAY,COUNTY
611467,WASHINGTON,WOODBRIDGE AVE,COUNTY
611490,WASHINGTON,PROSPERITY LA,COUNTY
611521,WASHINGTON,SUNSET CIR,COUNTY
611585,WASHINGTON,CARDINAL AVE,COUNTY
611595,WASHINGTON,REDWOOD CIR,COUNTY
611613,WASHINGTON,RAILROAD ST,COUNTY
611617,WASHINGTON,DAY RD,COUNTY
611696,WASHINGTON,STONE VALLEY CIR,COUNTY
611705,WASHINGTON,SILKTREE CT,COUNTY
611707,WASHINGTON,HOLLY TERR CIR W,COUNTY
611745,WASHINGTON,SUNNY VIEW CT,COUNTY
611751,WASHINGTON,LONGMEADOW RD,COUNTY
611790,WASHINGTON,STOTTLEMYER RD,COUNTY
611804,WASHINGTON,AQUA LA,COUNTY
611814,WASHINGTON,MANSE RD,COUNTY
611915,WASHINGTON,NICK RD,COUNTY
611926,WASHINGTON,GEN ROBERT E LEE DR,COUNTY
611964,WASHINGTON,CONOVALE DR,COUNTY
612101,WASHINGTON,CHURCH HILL CT,COUNTY
612114,WASHINGTON,DARGAN RD EXT,COUNTY
612173,WASHINGTON,HENDERSHOT RD,COUNTY
612176,WASHINGTON,RHODODENDRON DR,COUNTY
612216,WASHINGTON,FRANKIES CT,COUNTY
612310,WASHINGTON,OAK FOREST CIR,COUNTY
612480,WASHINGTON,MARSHALL ST,COUNTY
612491,WASHINGTON,BLUE SPRUCE CIR,COUNTY
612511,WASHINGTON,HIGHVIEW CT,COUNTY
612565,WASHINGTON,DEBORAH DR,COUNTY
612568,WASHINGTON,CHIMNEYSTONE CT,COUNTY
612606,WASHINGTON,ST ROBERTS DR,COUNTY
612622,WASHINGTON,STONEWALL DR,COUNTY
612849,WASHINGTON,GARDENEOUR RD,COUNTY
613061,WASHINGTON,LANDIS RD,COUNTY
613117,WASHINGTON,LANCE CIR,COUNTY
613134,WASHINGTON,JADE CT,COUNTY
613152,WASHINGTON,AUGUST CT,COUNTY
613160,WASHINGTON,HOMEWOOD RD,COUNTY
613283,WASHINGTON,TREGO MOUNTAIN RD,COUNTY
613309,WASHINGTON,WHITE OAK RD,COUNTY
613327,WASHINGTON,SIGNAL DR,COUNTY
613514,WASHINGTON,FERNWOOD LA,COUNTY
613672,WASHINGTON,BEARD SPUR,COUNTY
613676,WASHINGTON,OVERHILL DR,COUNTY
613692,WASHINGTON,BAILEY RD,COUNTY
613760,WASHINGTON,KENILWORTH AVE,COUNTY
613861,WASHINGTON,ROSEWOOD DR,COUNTY
613877,WASHINGTON,NO NAME,COUNTY
613887,WASHINGTON,TROUT DR,COUNTY
613925,WASHINGTON,CONNER DR,COUNTY
613934,WASHINGTON,BRIARWOOD CIR,COUNTY
613948,WASHINGTON,DRAPER RD,COUNTY
614151,WASHINGTON,DONELSON DR,COUNTY
614257,WASHINGTON,BELVEDERE RD,COUNTY
614367,WASHINGTON,MOUNTAIN LAUREL RD,COUNTY
614380,WASHINGTON,SUNNY HILL CT,COUNTY
614404,WASHINGTON,INDIAN COTTAGE RD,COUNTY
614444,WASHINGTON,THE HEIGHTS,COUNTY
614518,WASHINGTON,CLINTON AVE,COUNTY
614537,WASHINGTON,SENECA RIDGE DR,COUNTY
614851,WASHINGTON,EDGEWOOD DR,COUNTY
614945,WASHINGTON,JOHNSON DR,COUNTY
615014,WASHINGTON,SILVER MAPLE CT,COUNTY
615096,WASHINGTON,DOUB LA,COUNTY
615192,WASHINGTON,EDGEWOOD DR,COUNTY
615221,WASHINGTON,RENO CT,COUNTY
615249,WASHINGTON,RED OAK DR,COUNTY
615325,WASHINGTON,DOGSTREET RD,COUNTY
615371,WASHINGTON,KELSO DR,COUNTY
615378,WASHINGTON,KNOLL LA,COUNTY
615400,WASHINGTON,LEARNING LA,COUNTY
615431,WASHINGTON,NATHAN CT,COUNTY
615630,WASHINGTON,CUSTER CT,COUNTY
615631,WASHINGTON,DAISY CIR S,COUNTY
615678,WASHINGTON,MEADOW BROOK RD,COUNTY
615781,WASHINGTON,GREENBERRY CIR,COUNTY
615831,WASHINGTON,BUTTERCUP DR,COUNTY
615900,WASHINGTON,GRANT AVE,COUNTY
615966,WASHINGTON,DANBY PL,COUNTY
615967,WASHINGTON,NO NAME,COUNTY
615983,WASHINGTON,WOBURN RD,COUNTY
616112,WASHINGTON,ROLLING GREEN CT,COUNTY
616190,WASHINGTON,MOHOGANY DR,COUNTY
616258,WASHINGTON,FRUIT TREE DR,COUNTY
616305,WASHINGTON,SLABTOWN RD,COUNTY
616308,WASHINGTON,WARM SPRINGS CT,COUNTY
616320,WASHINGTON,CAMBRIDGE DR,COUNTY
616367,WASHINGTON,PROGRESS WAY,COUNTY
616373,WASHINGTON,LEONARD AVE,COUNTY
616437,WASHINGTON,SPRING DELL LA,COUNTY
616613,WASHINGTON,CHAPELWOOD LA,COUNTY
616630,WASHINGTON,LITTLE GALILEE RD,COUNTY
616709,WASHINGTON,INDUSTRY DR,COUNTY
616749,WASHINGTON,PEARRE RD,COUNTY
617069,WASHINGTON,CLYDELEVEN DR,COUNTY
617177,WASHINGTON,MOUNTAIN VIEW CIR,COUNTY
617233,WASHINGTON,VALLEY MALL RD (EB/L),COUNTY
617281,WASHINGTON,APRIL ST,COUNTY
617350,WASHINGTON,MONG RD,COUNTY
617451,WASHINGTON,BEACON LA,COUNTY
617509,WASHINGTON,LEITER ST,COUNTY
617510,WASHINGTON,WOODHILL DR,COUNTY
617522,WASHINGTON,LANES RUN RD,COUNTY
617537,WASHINGTON,MARGARET DR,COUNTY
617562,WASHINGTON,OAK HILL AVE,COUNTY
617721,WASHINGTON,HICKORY HILL RD,COUNTY
617804,WASHINGTON,HANGING ROCK RD,COUNTY
617808,WASHINGTON,WEST STONE CT,COUNTY
617826,WASHINGTON,GOSSARD MILL RD,COUNTY
618053,WASHINGTON,LOCUST ST,COUNTY
618098,WASHINGTON,CYNTHIA COURT,COUNTY
618124,WASHINGTON,AFTON PL,COUNTY
618135,WASHINGTON,MT HEBRON RD,COUNTY
618314,WASHINGTON,TERESA DR,COUNTY
618324,WASHINGTON,PATRICK RD,COUNTY
618338,WASHINGTON,GRANDVIEW DR,COUNTY
618341,WASHINGTON,EWELL RD,COUNTY
618439,WASHINGTON,CARTER WAY,COUNTY
618550,WASHINGTON,FAIRPLAY FARMS RD,COUNTY
618569,WASHINGTON,HARVARD RD,COUNTY
618573,WASHINGTON,BRAEBURN DR,COUNTY
618609,WASHINGTON,GORDON CIR,COUNTY
618651,WASHINGTON,CREST DR,COUNTY
618713,WASHINGTON,FERRERO LA,COUNTY
618836,WASHINGTON,HELLS DELIGHT RD,COUNTY
618840,WASHINGTON,MURDOCK AVE,COUNTY
618842,WASHINGTON,SCOTT HILL DR,COUNTY
619018,WASHINGTON,BURNNIE KINSELL DR,COUNTY
619037,WASHINGTON,VALENTIA FARM RD,COUNTY
619068,WASHINGTON,LONDONTOWN CT,COUNTY
619126,WASHINGTON,BIG SPRING RD,COUNTY
619302,WASHINGTON,MEDICAL CAMPUS RD,COUNTY
619329,WASHINGTON,WEAVER AVE,COUNTY
619423,WASHINGTON,NORTH POINTE DR,COUNTY
619464,WASHINGTON,WOLFORD AVE,COUNTY
619583,WASHINGTON,NEWPORT CT,COUNTY
619682,WASHINGTON,MT BRIAR RD,COUNTY
619703,WASHINGTON,BEDFORD CT,COUNTY
619730,WASHINGTON,AYOUB LA,COUNTY
619781,WASHINGTON,DURBERRY RD,COUNTY
619871,WASHINGTON,LONGMEADOW RD (WB/L),COUNTY
619905,WASHINGTON,ORIOLE CIR E,COUNTY
620105,WASHINGTON,PLEASANT VIEW DR,COUNTY
620133,WASHINGTON,CLOVERTON LA,COUNTY
620135,WASHINGTON,GARDEN VIEW RD,COUNTY
620172,WASHINGTON,REEL RD,COUNTY
620199,WASHINGTON,AUBURN DR,COUNTY
620229,WASHINGTON,BONNIE BRIAR LA,COUNTY
620277,WASHINGTON,FARMINGDALE CT,COUNTY
620297,WASHINGTON,MANASSAS DR,COUNTY
620373,WASHINGTON,RINEHART RD,COUNTY
620411,WASHINGTON,GAY ST,COUNTY
620494,WASHINGTON,MONROE AVE,COUNTY
620544,WASHINGTON,DAISY DR,COUNTY
620561,WASHINGTON,BULL RUN DR,COUNTY
620607,WASHINGTON,DRIFTWOOD LA,COUNTY
620665,WASHINGTON,WINCHESTER DR,COUNTY
620734,WASHINGTON,EAGLE LA,COUNTY
620787,WASHINGTON,GREENBRIAR RD,COUNTY
620809,WASHINGTON,LEXINGTON AVE,COUNTY
620917,WASHINGTON,S ARTIZAN ST,COUNTY
620934,WASHINGTON,NORMAN DR,COUNTY
620951,WASHINGTON,ROLLING RD,COUNTY
620963,WASHINGTON,GENERAL STUART CT,COUNTY
621017,WASHINGTON,STAGBUSH CT,COUNTY
621064,WASHINGTON,JAMISON CIR,COUNTY
621080,WASHINGTON,HILLANDALE RD,COUNTY
621208,WASHINGTON,DAISY CIR N,COUNTY
621280,WASHINGTON,CHERRY TREE CIR,COUNTY
621299,WASHINGTON,DUNDEE CT,COUNTY
621369,WASHINGTON,OAK FOREST DR,COUNTY
621669,WASHINGTON,NORTHRIDGE DR,COUNTY
621782,WASHINGTON,ELLEN LANE,COUNTY
621858,WASHINGTON,MONTGOMERY CT,COUNTY
621992,WASHINGTON,EAGLE NEST RD,COUNTY
622037,WASHINGTON,SPADE RD,COUNTY
622062,WASHINGTON,SHANK RD,COUNTY
622174,WASHINGTON,CHESTNUT GROVE RD,COUNTY
622267,WASHINGTON,PEAK CIR,COUNTY
622485,WASHINGTON,ROCK MAPLE DR,COUNTY
622495,WASHINGTON,GROVE AVE,COUNTY
622502,WASHINGTON,PRECISION PL,COUNTY
622507,WASHINGTON,WILDERNESS WAY,COUNTY
622524,WASHINGTON,BEAR CREEK DR,COUNTY
622647,WASHINGTON,GREGORY CT,COUNTY
622715,WASHINGTON,GRAND LEGACY DR,COUNTY
622736,WASHINGTON,KEENER RD,COUNTY
622757,WASHINGTON,GAP CT,COUNTY
622792,WASHINGTON,CLOVER HEIGHTS RD,COUNTY
622835,WASHINGTON,HOG MAW RD,COUNTY
622978,WASHINGTON,WOODSIDE CT,COUNTY
623000,WASHINGTON,MT HEBRON RD,COUNTY
623106,WASHINGTON,SHAFFER RD,COUNTY
623141,WASHINGTON,MEADOWOOD DR,COUNTY
623150,WASHINGTON,COUNTRY HOME LA,COUNTY
623158,WASHINGTON,AVIS MILL RD,COUNTY
623242,WASHINGTON,SMALLWOOD TERR,COUNTY
623318,WASHINGTON,HARP RD,COUNTY
623360,WASHINGTON,EDGEWOOD DR (NB/L),COUNTY
623403,WASHINGTON,MONTICELLO DR,COUNTY
623500,WASHINGTON,INDEPENDENCE RD,COUNTY
623536,WASHINGTON,COOL HOLLOW TERR,COUNTY
623579,WASHINGTON,ROBINS GLENN DR,COUNTY
623599,WASHINGTON,FRENCH LA,COUNTY
623600,WASHINGTON,TAYLORS LANDING RD,COUNTY
623614,WASHINGTON,OLDE MYSTIC CIR,COUNTY
623631,WASHINGTON,CHERYL DR,COUNTY
623658,WASHINGTON,EDGEWOOD DR (NB/L),COUNTY
623797,WASHINGTON,MELODY LA,COUNTY
623802,WASHINGTON,GENERAL BRANCH CT,COUNTY
623815,WASHINGTON,SYCAMORE DR,COUNTY
623851,WASHINGTON,NO NAME,COUNTY
623891,WASHINGTON,GILARDI RD,COUNTY
623912,WASHINGTON,RISER RD,COUNTY
624000,WASHINGTON,BROWN RD,COUNTY
624030,WASHINGTON,FUNKSTOWN RD,COUNTY
624061,WASHINGTON,GREENHILL DR,COUNTY
624089,WASHINGTON,PORTERSTOWN RD,COUNTY
624137,WASHINGTON,DARGAN SCHOOL RD #2,COUNTY
624143,WASHINGTON,BEAVER CREEK CHURCH RD,COUNTY
624199,WASHINGTON,PONDSVILLE RD,COUNTY
624208,WASHINGTON,PEAR TREE LA,COUNTY
624266,WASHINGTON,BATTLETOWN RD,COUNTY
624271,WASHINGTON,WINDY HAVEN RD,COUNTY
624307,WASHINGTON,PHEASANT TRAIL,COUNTY
624404,WASHINGTON,BERRY CIR,COUNTY
624424,WASHINGTON,HOUCK AVE,COUNTY
624456,WASHINGTON,SHERMAN AVE,COUNTY
624482,WASHINGTON,LICKING CREEK RD,COUNTY
624669,WASHINGTON,FIRE HALL ALLEY,COUNTY
624684,WASHINGTON,BASORE DR,COUNTY
624703,WASHINGTON,POT O GOLD CT,COUNTY
624787,WASHINGTON,MT LENA RD,COUNTY
624828,WASHINGTON,TROPICANA DR,COUNTY
624941,WASHINGTON,MINER AVE,COUNTY
625018,WASHINGTON,IRMA CT,COUNTY
625056,WASHINGTON,REEDY PKWY,COUNTY
625154,WASHINGTON,AZALEA DR,COUNTY
625167,WASHINGTON,BOAT AMERICA WAY,COUNTY
625199,WASHINGTON,WHITNEY LA,COUNTY
625258,WASHINGTON,WINDSOR CIR,COUNTY
625281,WASHINGTON,ANKENEY LA,COUNTY
625285,WASHINGTON,LONG HOLLOW RD,COUNTY
625373,WASHINGTON,RAMP 8 FR UNDERPASS WAY SB TO RAMP 1,COUNTY
625498,WASHINGTON,CHADS TERR,COUNTY
625509,WASHINGTON,LINKS VIEW DR,COUNTY
625558,WASHINGTON,ROLLING GREEN PL,COUNTY
625570,WASHINGTON,DARTMOUTH DR,COUNTY
625584,WASHINGTON,OAKTREE LA,COUNTY
625665,WASHINGTON,SWEET BRIAR LA,COUNTY
625683,WASHINGTON,CREST VIEW RD,COUNTY
625711,WASHINGTON,S SCOTTISH CT,COUNTY
625776,WASHINGTON,ORIOLE DR,COUNTY
625780,WASHINGTON,PREMIERE VIEW CIR,COUNTY
625986,WASHINGTON,TAMARACK DR,COUNTY
626017,WASHINGTON,TOYER RD,COUNTY
626090,WASHINGTON,ORANGE BLOSSOM CT,COUNTY
626129,WASHINGTON,SWOPE RD,COUNTY
626225,WASHINGTON,DELLINGER RD,COUNTY
626276,WASHINGTON,UNIVERSITY RD,COUNTY
626293,WASHINGTON,MCGREGOR DR NORTH,COUNTY
626307,WASHINGTON,CORLEY CT,COUNTY
626435,WASHINGTON,HOUSER RD,COUNTY
626486,WASHINGTON,ROCKCREST CIR,COUNTY
626540,WASHINGTON,ROUND TOP RD,COUNTY
626610,WASHINGTON,CLARK RD,COUNTY
626641,WASHINGTON,PIKESIDE DR,COUNTY
626697,WASHINGTON,ACME RD,COUNTY
626749,WASHINGTON,VILLA RIDGE DR,COUNTY
626753,WASHINGTON,BUFORD DR,COUNTY
627082,WASHINGTON,ROUTZAHN RD,COUNTY
627225,WASHINGTON,TOMMY TOWN RD,COUNTY
627252,WASHINGTON,PARKWAY DR,COUNTY
627324,WASHINGTON,LONGVIEW DR,COUNTY
627413,WASHINGTON,OLD GEORGETOWN RD,COUNTY
627428,WASHINGTON,GIRL SCOUT RD,COUNTY
627504,WASHINGTON,EL RANCHO RD,COUNTY
627588,WASHINGTON,FAIRPLAY FARMS CT,COUNTY
627657,WASHINGTON,LONGSTREET DR,COUNTY
627696,WASHINGTON,FOREST GLEN,COUNTY
627888,WASHINGTON,HORST LA,COUNTY
628013,WASHINGTON,WHITE PINE DR,COUNTY
628041,WASHINGTON,ROCKCLIFF DR,COUNTY
628062,WASHINGTON,ROWLAND HILL RD,COUNTY
628117,WASHINGTON,JANS CT,COUNTY
628183,WASHINGTON,RIVERWALK,COUNTY
628194,WASHINGTON,MC RAND CT,COUNTY
628317,WASHINGTON,YOUNGSTOUN CT,COUNTY
628398,WASHINGTON,MOUSETOWN RD,COUNTY
628413,WASHINGTON,PRINTZ RD,COUNTY
628449,WASHINGTON,OLD FORGE RD,COUNTY
628590,WASHINGTON,BLOYERS AVE,COUNTY
628771,WASHINGTON,RAMP 2 FR RAMP 7 TO UNDERPASS WAY NB,COUNTY
628870,WASHINGTON,PIN OAK TERR,COUNTY
629157,WASHINGTON,LORRAINE TERR,COUNTY
629245,WASHINGTON,POLECAT HOLLOW RD,COUNTY
629445,WASHINGTON,REICHARD RD,COUNTY
629523,WASHINGTON,ABBOTT DR,COUNTY
629553,WASHINGTON,HIBISCUS DR,COUNTY
629694,WASHINGTON,SPRING CREEK RD,COUNTY
629846,WASHINGTON,LINCOLN HEIGHTS,COUNTY
629892,WASHINGTON,VILLAGE PL,COUNTY
629902,WASHINGTON,COUNTRYSIDE DR,COUNTY
629979,WASHINGTON,BAKERSVILLE RD,COUNTY
630012,WASHINGTON,GATEWAY AVE,COUNTY
630014,WASHINGTON,PRESTWICK TERR,COUNTY
630058,WASHINGTON,N SCOTTISH CT,COUNTY
630075,WASHINGTON,BARNES RD,COUNTY
630444,WASHINGTON,BLUE MOUNTAIN DR,COUNTY
630574,WASHINGTON,CHERYL DR,COUNTY
630638,WASHINGTON,CLIFTON AVE,COUNTY
630718,WASHINGTON,ATLANTIC DR,COUNTY
630722,WASHINGTON,SWINGING BRIDGE RD,COUNTY
630781,WASHINGTON,FRAZIER RD,COUNTY
630793,WASHINGTON,GATHLAND TRAIL,COUNTY
630924,WASHINGTON,SHETLAND WAY,COUNTY
631117,WASHINGTON,SKY VIEW LA,COUNTY
631198,WASHINGTON,WAGAMAN RD,COUNTY
631219,WASHINGTON,MAUGANS AVE (WB/L),COUNTY
631246,WASHINGTON,MOSE CIR,COUNTY
631268,WASHINGTON,MCFARLAND RD,COUNTY
631278,WASHINGTON,MILLSTONE CIR,COUNTY
631297,WASHINGTON,CHUCK LA,COUNTY
631300,WASHINGTON,HARRY HETH RD,COUNTY
631467,WASHINGTON,GREENWOOD CIR,COUNTY
631564,WASHINGTON,CHARLES MILL RD,COUNTY
631632,WASHINGTON,SMITH RD,COUNTY
631677,WASHINGTON,MAGNOLIA AVE E,COUNTY
631762,WASHINGTON,HASSETT RD,COUNTY
631789,WASHINGTON,BOTELER RD,COUNTY
631821,WASHINGTON,KEADLE RD,COUNTY
631848,WASHINGTON,MORNING DEW CT,COUNTY
631967,WASHINGTON,HIXON RD,COUNTY
632029,WASHINGTON,EVERGREEN DR,COUNTY
632042,WASHINGTON,STERLING RD,COUNTY
632075,WASHINGTON,PRIMROSE LA,COUNTY
632184,WASHINGTON,BEAVERVALE RD,COUNTY
632230,WASHINGTON,BITTERSWEET DR,COUNTY
632254,WASHINGTON,ST GEORGES CIR,COUNTY
632479,WASHINGTON,WOODCREST RD,COUNTY
632514,WASHINGTON,CAVE HILL RD,COUNTY
632534,WASHINGTON,CATAWBA PL,COUNTY
632566,WASHINGTON,PLUMTREE LA,COUNTY
632662,WASHINGTON,FOUNTAIN HEAD RD,COUNTY
632895,WASHINGTON,LARCH AVE,COUNTY
632923,WASHINGTON,BOYD RD,COUNTY
632936,WASHINGTON,VALLEY MALL RD,COUNTY
633005,WASHINGTON,POSTRIDER CT,COUNTY
633084,WASHINGTON,KIALANI DR,COUNTY
633230,WASHINGTON,SAMUEL CIR,COUNTY
633262,WASHINGTON,BROAD CREEK DR,COUNTY
633355,WASHINGTON,SUMMERLIN CT,COUNTY
633432,WASHINGTON,GRANADA CT,COUNTY
633544,WASHINGTON,WHEATFIELD DR,COUNTY
633649,WASHINGTON,FOX HUNT COURT,COUNTY
633692,WASHINGTON,CLUB RD,COUNTY
633744,WASHINGTON,DAM NO 4 RD,COUNTY
633805,WASHINGTON,ELLIS COURT,COUNTY
633959,WASHINGTON,DECKER AVE,COUNTY
633962,WASHINGTON,KAISER CT,COUNTY
634004,WASHINGTON,THOMAS DR,COUNTY
634033,WASHINGTON,KEIFFER FUNK RD,COUNTY
634083,WASHINGTON,MT TABOR RD,COUNTY
634110,WASHINGTON,ARMSTRONG AVE,COUNTY
634190,WASHINGTON,GEHR RD,COUNTY
634280,WASHINGTON,FENTON AVE,COUNTY
634293,WASHINGTON,WISE RD,COUNTY
634378,WASHINGTON,CHEWSVILLE RD,COUNTY
634450,WASHINGTON,ASHTON RD,COUNTY
634460,WASHINGTON,WHITE OAK RIDGE,COUNTY
634482,WASHINGTON,SHANKTOWN RD,COUNTY
634619,WASHINGTON,AVONLEA HILLS COURT,COUNTY
634641,WASHINGTON,MARY ANN CT,COUNTY
634700,WASHINGTON,MCGREGOR DR,COUNTY
634805,WASHINGTON,GREY ROCK RD,COUNTY
634828,WASHINGTON,SUFFOLK DR,COUNTY
635069,WASHINGTON,WISSET WAY,COUNTY
635142,WASHINGTON,STUMPF RD,COUNTY
635204,WASHINGTON,ABERDEEN DR,COUNTY
635253,WASHINGTON,COTTONWOOD DR,COUNTY
635263,WASHINGTON,STURBRIDGE CT,COUNTY
635364,WASHINGTON,LOCK TENDER LA,COUNTY
635429,WASHINGTON,MONDELL RD,COUNTY
635518,WASHINGTON,KNEPPER RD,COUNTY
635548,WASHINGTON,BOWIE RD,COUNTY
635728,WASHINGTON,BLACK ROCK RD,COUNTY
635950,WASHINGTON,RENO MONUMENT RD,COUNTY
636004,WASHINGTON,CANAL RD,COUNTY
636044,WASHINGTON,JORDAN RD,COUNTY
636050,WASHINGTON,HOPEWELL RD,COUNTY
636086,WASHINGTON,PARTNERSHIP CT,COUNTY
636156,WASHINGTON,WOODLAWN DR,COUNTY
636199,WASHINGTON,FAIRGREEN CIR,COUNTY
636253,WASHINGTON,AIRVIEW RD,COUNTY
636271,WASHINGTON,MT LOCK HILL RD,COUNTY
636377,WASHINGTON,MAHOGANY CIR,COUNTY
636381,WASHINGTON,EASTERN BLVD,COUNTY
636585,WASHINGTON,SHOWALTER RD,COUNTY
636663,WASHINGTON,APPLE HILL DR,COUNTY
636822,WASHINGTON,SHERBROOKE DR,COUNTY
636991,WASHINGTON,BAYER DR,COUNTY
637089,WASHINGTON,KINGS CREST BLVD,COUNTY
637327,WASHINGTON,MAPLEWOOD DR,COUNTY
637349,WASHINGTON,MAR ROCK DR,COUNTY
637376,WASHINGTON,RHODES CT,COUNTY
637396,WASHINGTON,WALTERS VIEW,COUNTY
637496,WASHINGTON,SHORT RD,COUNTY
637874,WASHINGTON,CLOPPER RD,COUNTY
638002,WASHINGTON,OAK RIDGE PL,COUNTY
638031,WASHINGTON,ROBINWOOD DR (NB/L),COUNTY
638163,WASHINGTON,POFFENBERGER RD,COUNTY
638203,WASHINGTON,NO NAME,COUNTY
638280,WASHINGTON,FAIRMEADOWS BLVD,COUNTY
638384,WASHINGTON,STEPHANIE LA,COUNTY
638446,WASHINGTON,KEEP TRYST RD,COUNTY
638619,WASHINGTON,DANIELS CIR,COUNTY
638799,WASHINGTON,OAKS AVE,COUNTY
638911,WASHINGTON,KLICK WAY,COUNTY
639023,WASHINGTON,CHERRY LA,COUNTY
639044,WASHINGTON,HERITAGE LA,COUNTY
639088,WASHINGTON,LONG RIDGE DR,COUNTY
639199,WASHINGTON,NICODEMUS MILL RD,COUNTY
639675,WASHINGTON,HAYWOOD CIR,COUNTY
640067,WASHINGTON,YALE DR,COUNTY
640111,WASHINGTON,ROCK OAK DR,COUNTY
640286,WASHINGTON,FOX CROFT DR,COUNTY
640312,WASHINGTON,GAPLAND RD,COUNTY
640327,WASHINGTON,ANDREW CT,COUNTY
640950,WASHINGTON,OAK RIDGE DR,COUNTY
640960,WASHINGTON,WOODBURN DR,COUNTY
641101,WASHINGTON,THACKER DR,COUNTY
641112,WASHINGTON,WELLER RD,COUNTY
641135,WASHINGTON,MCCOYS FERRY RD,COUNTY
641226,WASHINGTON,MT LAUREL RD,COUNTY
641315,WASHINGTON,SHAHEEN LANE,COUNTY
641499,WASHINGTON,WOODHAVEN DR,COUNTY
641506,WASHINGTON,ORCHARD RIDGE RD,COUNTY
641557,WASHINGTON,BARRETT CT,COUNTY
641578,WASHINGTON,INSURANCE WAY,COUNTY
642070,WASHINGTON,GARDNER RD,COUNTY
642165,WASHINGTON,OAK TREE CIR (SB/L),COUNTY
642180,WASHINGTON,ORIOLE CIR W,COUNTY
642344,WASHINGTON,STAGECOACH DR,COUNTY
642414,WASHINGTON,BLACK ANGUS RD,COUNTY
642529,WASHINGTON,BENEVOLA NEWCOMER RD,COUNTY
642538,WASHINGTON,WALOAK CT,COUNTY
642616,WASHINGTON,AMOS REEDER RD,COUNTY
642787,WASHINGTON,BIKLE RD,COUNTY
642807,WASHINGTON,BUSHWILLOW WAY,COUNTY
642884,WASHINGTON,LINDEN AVE,COUNTY
642920,WASHINGTON,STONEY LA,COUNTY
642971,WASHINGTON,HART RD,COUNTY
643010,WASHINGTON,BEAVER CREEK RD,COUNTY
643064,WASHINGTON,OLIVER DR,COUNTY
643173,WASHINGTON,GARDENIA CT,COUNTY
643301,WASHINGTON,SUMMERS LA,COUNTY
643429,WASHINGTON,WATER ST,COUNTY
643476,WASHINGTON,PARADISE CHURCH RD,COUNTY
643479,WASHINGTON,FALLING WATERS RD,COUNTY
643682,WASHINGTON,OLD ROUTE 40,COUNTY
643688,WASHINGTON,JOHN MARTIN DR,COUNTY
643718,WASHINGTON,FAIR HAVEN DR,COUNTY
643800,WASHINGTON,MARSH RD,COUNTY
643819,WASHINGTON,PENNSYLVANIA AVE,COUNTY
643880,WASHINGTON,LEITERSBURG SMITHSBURG RD,COUNTY
643886,WASHINGTON,BLUE RIDGE RD,COUNTY
643934,WASHINGTON,BYERS RD,COUNTY
644014,WASHINGTON,BLAIRS VALLEY RD,COUNTY
644039,WASHINGTON,HALFWAY BLVD,COUNTY
644057,WASHINGTON,QUIET VALLEY COURT,COUNTY
644243,WASHINGTON,OAK RIDGE DR,COUNTY
644313,WASHINGTON,SAPPHIRE DR,COUNTY
644456,WASHINGTON,MT AETNA RD,COUNTY
644492,WASHINGTON,GREEN LANE RD,COUNTY
644550,WASHINGTON,PAXTON DR,COUNTY
644592,WASHINGTON,LAURAN RD,COUNTY
644753,WASHINGTON,LOWRY DR,COUNTY
644875,WASHINGTON,WALDHIEM RD,COUNTY
644879,WASHINGTON,JOHN MARTIN DR,COUNTY
645000,WASHINGTON,PATRIOT WAY,COUNTY
645027,WASHINGTON,GEETING RD,COUNTY
645055,WASHINGTON,SAPPHIRE DR,COUNTY
645132,WASHINGTON,TEHRANI LANE,COUNTY
645167,WASHINGTON,BENNIE DR,COUNTY
645176,WASHINGTON,EMERALD POINTE DR (WB/L),COUNTY
645262,WASHINGTON,CHESTNUT AVE,COUNTY
645263,WASHINGTON,ROOSEVELT AVE,COUNTY
645276,WASHINGTON,MELLOTT DR,COUNTY
645336,WASHINGTON,RED HILL RD,COUNTY
645394,WASHINGTON,CRAYTON BLVD,COUNTY
645462,WASHINGTON,LICKING CREEK RD,COUNTY
645580,WASHINGTON,THORNHILL CT,COUNTY
645656,WASHINGTON,MOUNTAIN RD,COUNTY
645803,WASHINGTON,CAMP RITCHIE ACCESS RD,COUNTY
645937,WASHINGTON,WASHINGTON MONUMENT RD,COUNTY
645946,WASHINGTON,COLLEGE RD,COUNTY
646042,WASHINGTON,MT AETNA RD W,COUNTY
646084,WASHINGTON,MAPLE VALLEY CIR,COUNTY
646154,WASHINGTON,MARYLAND AVE,COUNTY
646176,WASHINGTON,VOLVO WAY,COUNTY
646218,WASHINGTON,HIGH GERMANY RD,COUNTY
646224,WASHINGTON,CRAYTON BLVD,COUNTY
646243,WASHINGTON,MAPLE AVE,COUNTY
646307,WASHINGTON,MERCERSBURG RD,COUNTY
646309,WASHINGTON,LEITERSBURG SMITHSBURG RD,COUNTY
646377,WASHINGTON,VOLVO WAY (SB/L),COUNTY
646408,WASHINGTON,EMERALD POINTE DR (WB/L),COUNTY
646430,WASHINGTON,CORNER RD,COUNTY
646445,WASHINGTON,PEN MAR/HIGH ROCK RD,COUNTY
646741,WASHINGTON,BARKDOLL RD,COUNTY
646846,WASHINGTON,MISTY ACRES DR,COUNTY
646858,WASHINGTON,HOWELL RD,COUNTY
646906,WASHINGTON,MILLERS CHURCH RD,COUNTY
646911,WASHINGTON,HOLLOW RD,COUNTY
646983,WASHINGTON,INDIAN SPRINGS RD,COUNTY
647041,WASHINGTON,EYLER AVE,COUNTY
647051,WASHINGTON,CEARFOSS PIKE,COUNTY
647070,WASHINGTON,MAUGANSVILLE RD,COUNTY
647179,WASHINGTON,LEITERS MILL RD,COUNTY
647192,WASHINGTON,JOHN F. KENNEDY DR (SB/L),COUNTY
647293,WASHINGTON,EMERALD POINTE DR,COUNTY
647421,WASHINGTON,EMERALD POINTE DR,COUNTY
647493,WASHINGTON,ONYX DR,COUNTY
647521,WASHINGTON,MARQUISE DR,COUNTY
647605,WASHINGTON,ROCKDALE RD,COUNTY
647666,WASHINGTON,OAK RIDGE DR,COUNTY
647711,WASHINGTON,EBY LA,COUNTY
647811,WASHINGTON,JOHN F. KENNEDY DR,COUNTY
647904,WASHINGTON,PEN MAR RD,COUNTY
648024,WASHINGTON,LOCHER RD,COUNTY
648033,WASHINGTON,JOHN F. KENNEDY DR,COUNTY
648278,WASHINGTON,JUGTOWN RD,COUNTY
648364,WASHINGTON,ST PAUL RD,COUNTY
648392,WASHINGTON,KEMPS MILL RD,COUNTY
648422,WASHINGTON,LAGER DR,COUNTY
648448,WASHINGTON,HALFWAY BLVD (WB/L),COUNTY
648472,WASHINGTON,HERSHEY DR,COUNTY
648565,WASHINGTON,DUKE DR,COUNTY
648567,WASHINGTON,MISTY FIELD LA,COUNTY
648597,WASHINGTON,CONSTITUTION CIRCLE,COUNTY
648751,WASHINGTON,MARQUISE DR,COUNTY
648810,WASHINGTON,BUENA VISTA RD,COUNTY
649026,WASHINGTON,FAIRVIEW CHURCH RD,COUNTY
649027,WASHINGTON,SANDY MILE RD,COUNTY
649044,WASHINGTON,SANDY HOOK RD,COUNTY
649063,WASHINGTON,CLEVELANDTOWN RD,COUNTY
649153,WASHINGTON,NO NAME,COUNTY
649162,WASHINGTON,WOODVIEW DRIVE,COUNTY
649200,WASHINGTON,HENSON BLVD,COUNTY
649291,WASHINGTON,WISHARD RD,COUNTY
649365,WASHINGTON,STARS LANE,COUNTY
649657,WASHINGTON,RESLEY ST,COUNTY
649667,WASHINGTON,HILLTOP RD,COUNTY
649684,WASHINGTON,EDGEMONT RD,COUNTY
649831,WASHINGTON,CALDWELL CT,COUNTY
649871,WASHINGTON,WALNUT AVE,COUNTY
649880,WASHINGTON,CAMBELTOWN DR,COUNTY
649951,WASHINGTON,RIPPLE DR,COUNTY
649970,WASHINGTON,SHINHAM RD,COUNTY
649988,WASHINGTON,HARPERS FERRY RD,COUNTY
650219,WASHINGTON,COATBRIDGE LA,COUNTY
650319,WASHINGTON,CRYSTAL FALLS DR,COUNTY
650328,WASHINGTON,ROBINWOOD DR,COUNTY
650424,WASHINGTON,SHOWALTER RD,COUNTY
650573,WASHINGTON,CROWN LA,COUNTY
650576,WASHINGTON,WARREN AVE,COUNTY
650588,WASHINGTON,JUSTICE CT,COUNTY
650597,WASHINGTON,WATER COMPANY RD,COUNTY
650675,WASHINGTON,ALLOWAY DR,COUNTY
650809,WASHINGTON,HARBAUGH RD,COUNTY
650905,WASHINGTON,DALEY RD,COUNTY
650931,WASHINGTON,BROADFORDING RD,COUNTY
651105,WASHINGTON,MILLER AVE,COUNTY
651143,WASHINGTON,LESLIE DR,COUNTY
651182,WASHINGTON,DUMBARTON DR,COUNTY
651338,WASHINGTON,ROULETTE DRIVE,COUNTY
651372,WASHINGTON,JOHN F. KENNEDY DR (SB/L),COUNTY
651380,WASHINGTON,PENNERSVILLE RD,COUNTY
651416,WASHINGTON,LUMS LA,COUNTY
651419,WASHINGTON,HOFFMANS INN RD,COUNTY
651501,WASHINGTON,WHORTON RD,COUNTY
651513,WASHINGTON,FOUR LOCKS RD,COUNTY
651560,WASHINGTON,DIAMOND POINTE DR,COUNTY
651606,WASHINGTON,SHOWALTER RD (EB/L),COUNTY
651633,WASHINGTON,MISTY MEADOW RD,COUNTY
651835,WASHINGTON,OAK SPRINGS RD,COUNTY
651943,WASHINGTON,ANTIETAM DR,COUNTY
652043,WASHINGTON,MARSH PIKE,COUNTY
652047,WASHINGTON,RICE RD,COUNTY
652127,WASHINGTON,TOWER DR,COUNTY
652137,WASHINGTON,LOCUST GROVE RD,COUNTY
652159,WASHINGTON,EDENDERRY CT,COUNTY
652201,WASHINGTON,DILLER DR,COUNTY
652209,WASHINGTON,CASTLE HILL RD,COUNTY
652244,WASHINGTON,TAMMANY LA,COUNTY
652248,WASHINGTON,NEW LANDFILL RD,COUNTY
652466,WASHINGTON,SASSON LANE,COUNTY
652583,WASHINGTON,SENSEL RD,COUNTY
652631,WASHINGTON,DONEGALL CT,COUNTY
652673,WASHINGTON,WRIGHT RD,COUNTY
652819,WASHINGTON,MESA TERR,COUNTY
652823,WASHINGTON,FROG EYE RD,COUNTY
652831,WASHINGTON,LEATHERS RD,COUNTY
652963,WASHINGTON,WISTERIA WAY,COUNTY
653141,WASHINGTON,STRIPES DR,COUNTY
653186,WASHINGTON,YOUNGSTOUN DR,COUNTY
653199,WASHINGTON,PETWORTH CIR,COUNTY
653299,WASHINGTON,SHENANDOAH CT,COUNTY
653330,WASHINGTON,BLOOMING MEADOWS CT,COUNTY
653331,WASHINGTON,HELMSDALE PL,COUNTY
653474,WASHINGTON,RUBY POINTE DR,COUNTY
653520,WASHINGTON,PERINI AVE,COUNTY
653589,WASHINGTON,PEARL DR,COUNTY
653606,WASHINGTON,BLACK MAPLE WAY,COUNTY
653610,WASHINGTON,SHAPWICK CT,COUNTY
653636,WASHINGTON,ALLOWAY CT,COUNTY
653641,WASHINGTON,MORNING WALK DR,COUNTY
653698,WASHINGTON,ROSLIN PL,COUNTY
653726,WASHINGTON,TIDWORTH WAY,COUNTY
653762,WASHINGTON,YOUNGSTOUN DR,COUNTY
653776,WASHINGTON,AMETHYST DR,COUNTY
653796,WASHINGTON,MOUNT MAPLE CT,COUNTY
653900,WASHINGTON,CORELLO DR,COUNTY
653933,WASHINGTON,MORNING GLORY LA,COUNTY
653937,WASHINGTON,BATHGATE TERR,COUNTY
654029,WASHINGTON,PARK HEAD RD,COUNTY
654160,WASHINGTON,ALLEGANY LINE RD,COUNTY
654271,WASHINGTON,SASHA BLVD,COUNTY
654618,WASHINGTON,ARNETT DR,COUNTY
654654,WASHINGTON,GRACEHILL CT,COUNTY
654672,WASHINGTON,DITTO RD,COUNTY
654697,WASHINGTON,DORSEY RD,COUNTY
654708,WASHINGTON,BROWNSTONE PL,COUNTY
654720,WASHINGTON,BALLANTYNE WAY,COUNTY
654762,WASHINGTON,ALLOWAY DR,COUNTY
654792,WASHINGTON,RASHTI CT,COUNTY
654914,WASHINGTON,ISAAC CT,COUNTY
655126,WASHINGTON,PROVIDENCE DR,COUNTY
655211,WASHINGTON,WALNUT AVE,COUNTY
655267,WASHINGTON,WESTERN PIKE,COUNTY
655309,WASHINGTON,PETMAR CIR,COUNTY
655440,WASHINGTON,PROFESSIONAL BLVD,COUNTY
655451,WASHINGTON,O'NEALS PL,COUNTY
655455,WASHINGTON,SOUTH MOUNTAIN CT,COUNTY
655629,WASHINGTON,HUNTINGTON CT,COUNTY
655732,WASHINGTON,DRUMMAN DR,COUNTY
655810,WASHINGTON,CAPITAL LA,COUNTY
