BND_ID,BND_TYPE,BND_NAME,BND_NAME_ABBR,BND_DESC,BND_CODE,BND_CODE2,BND_YEAR_RECORD,OBJECTID,SHAPE__Area,SHAPE__Length
1832,Cities,APACHE JUNCTION,,,17,,2020,1,130337237.1171875,79298.11964180417
1833,Cities,AVONDALE,,,11,,2020,2,168225355.6640625,199815.07753185014
1834,Cities,BENSON,,,28,,2020,3,148591364.35546875,127745.44157350391
1835,Cities,BISBEE,,,29,,2020,4,17838085.00390625,66531.02486267846
1836,Cities,BUCKEYE,,,3,,2020,5,1458702597.9453125,1425061.0246844145
1837,Cities,BULLHEAD CITY,,,30,,2020,6,230987174.57421875,94148.66771388902
1838,Cities,CAMP VERDE,,,31,,2020,7,161764524.453125,89511.37491617133
1839,Cities,CAREFREE,,,20,,2020,8,33139927.390625,39343.73080835717
1840,Cities,CASA GRANDE,,,32,,2020,9,405738808.0234375,272271.2959343163
1841,Cities,CAVE CREEK,,,25,,2020,10,141621014.71875,61850.549152178566
1842,Cities,CHANDLER,,,13,,2020,11,240971486.1328125,224133.46162989532
1843,Cities,CHINO VALLEY,,,33,,2020,12,240304959.46875,98885.00406425592
1844,Cities,CLARKDALE,,,34,,2020,13,39488470.11328125,41522.031973713
1845,Cities,CLIFTON,,,35,,2020,14,54918403.53125,41169.84455567538
1846,Cities,COLORADO CITY,,,36,,2020,15,35957891.9296875,33759.14845609913
1847,Cities,COOLIDGE,,,37,,2020,16,211486548.94140625,200114.7014821678
1848,Cities,COTTONWOOD,,,38,,2020,17,64415238.625,87633.62608252991
1849,Cities,DEWEY HUMBOLDT,,,89,,2020,18,71411937.02734375,47666.040502684424
1850,Cities,DOUGLAS,,,39,,2020,19,35251088.4296875,62517.80425275594
1851,Cities,DUNCAN,,,40,,2020,20,9950641.77734375,33381.372463188905
1852,Cities,EAGAR,,,41,,2020,21,42983974.1875,45230.28333217047
1853,Cities,EL MIRAGE,,,22,,2020,22,37368086.46875,37331.93253896328
1854,Cities,ELOY,,,42,,2020,23,414480130.546875,358383.955092318
1855,Cities,FLAGSTAFF,,,26,,2020,24,250191977.5546875,162638.87159349868
1856,Cities,FLORENCE,,,43,,2020,25,229783070.82421875,180312.8336380043
1857,Cities,FOUNTAIN HILLS,,,84,,2020,26,76057222.703125,40699.918663153134
1858,Cities,FREDONIA,,,44,,2020,27,34647451.6640625,31782.236817938876
1859,Cities,GILA BEND,,,23,,2020,28,237334434.3515625,215505.46408596158
1860,Cities,GILBERT,,,9,,2020,29,253193596.19921875,209005.40116577173
1861,Cities,GLENDALE,,,12,,2020,30,221049180.20703125,295129.8041582655
1862,Cities,GLOBE,,,45,,2020,31,67187543.9765625,84864.82575358433
1863,Cities,GOODYEAR,,,4,,2020,32,710399880.1132812,463636.4803917881
1864,Cities,GUADALUPE,,,18,,2020,33,2985619.33984375,8132.359150618226
1865,Cities,HAYDEN,,,46,,2020,34,4661841.66796875,10999.151156228692
1866,Cities,HOLBROOK,,,47,,2020,35,64668269.734375,48116.866166756176
1867,Cities,HUACHUCA CITY,,,48,,2020,36,9673733.43359375,16718.464890914594
1868,Cities,JEROME,,,49,,2020,37,3029919.25,7618.512251701612
1869,Cities,KEARNY,,,50,,2020,38,10119599.171875,13463.94036996492
1870,Cities,KINGMAN,,,51,,2020,39,146808057.578125,92211.66410002978
1871,Cities,LAKE HAVASU CITY,,,52,,2020,40,176969027.19140625,112481.99939529214
1872,Cities,LITCHFIELD PARK,,,83,,2020,41,12277810.4921875,39363.86230392899
1873,Cities,MAMMOTH,,,53,,2020,42,96483522.86328125,82701.57510799338
1874,Cities,MARANA,,,15,,2020,43,446175704.265625,225795.2480091007
1875,Cities,MARICOPA,,,88,,2020,44,154300352.62109375,90051.9412270215
1876,Cities,MESA,,,6,,2020,45,514673335.13671875,364794.69807232433
1877,Cities,MIAMI,,,54,,2020,46,3394233.48046875,13380.819694363625
1878,Cities,NOGALES,,,55,,2020,47,72598863.875,34291.426029642884
1879,Cities,ORO VALLEY,,,16,,2020,48,127374755.5859375,77470.35745140919
1880,Cities,PAGE,,,56,,2020,49,155882905.82421875,96711.12849724971
1881,Cities,PARADISE VALLEY,,,10,,2020,50,57312790.22265625,50904.16761447979
1882,Cities,PARKER,,,86,,2020,51,83942937.1796875,46776.26191777683
1883,Cities,PATAGONIA,,,58,,2020,52,4428986.5,11274.194112237888
1884,Cities,PAYSON,,,59,,2020,53,72677071.640625,40634.732079890884
1885,Cities,PEORIA,,,8,,2020,54,673082345.5742188,295631.4438869633
1886,Cities,PHOENIX,,,1,,2020,55,1940472863.53125,626569.759167884
1887,Cities,PIMA,,,60,,2020,56,27070162.828125,40740.795261473075
1888,Cities,PINETOP-LAKESIDE,,,61,,2020,57,42199400.5625,59437.28163745922
1889,Cities,PRESCOTT,,,62,,2020,58,158961148.5,200681.4817886905
1890,Cities,PRESCOTT VALLEY,,,63,,2020,59,145975020.01953125,270238.3479444636
1891,Cities,QUARTZSITE,,,85,,2020,60,477254981.73046875,126905.34100488602
1892,Cities,QUEEN CREEK,,,57,,2020,61,104003581.45703125,238932.38744011073
1893,Cities,SAFFORD,,,64,,2020,62,35273600.26953125,161010.81199182244
1894,Cities,SAHUARITA,,,87,,2020,63,110839002.15625,63746.200733935475
1895,Cities,SAN LUIS,,,66,,2020,64,122539089.359375,104439.31492357882
1896,Cities,SCOTTSDALE,,,2,,2020,65,692249683.2734375,222785.46746310566
1897,Cities,SEDONA,,,67,,2020,66,70964166.89453125,48873.35057539595
1898,Cities,SHOW LOW,,,68,,2020,67,246472499.609375,123607.77294546197
1899,Cities,SIERRA VISTA,,,69,,2020,68,545858561.546875,189204.97274183502
1900,Cities,SNOWFLAKE,,,70,,2020,69,125146143.109375,79311.55336521631
1901,Cities,SOMERTON,,,71,,2020,70,26633740.48828125,43567.1872602732
1902,Cities,SOUTH TUCSON,,,27,,2020,71,3687707.390625,7967.391915017902
1903,Cities,SPRINGERVILLE,,,72,,2020,72,44638771.59765625,50594.22526865213
1904,Cities,ST JOHNS,,,65,,2020,73,103475869.203125,42666.15812027206
1905,Cities,STAR VALLEY,,,90,,2020,74,89181234.09375,43249.41687879233
1906,Cities,SUPERIOR,,,73,,2020,75,7293262.171875,16761.695441242653
1907,Cities,SURPRISE,,,24,,2020,76,404213929.91015625,249621.96119465286
1908,Cities,TAYLOR,,,74,,2020,77,129043106.05078125,100195.32548517856
1909,Cities,TEMPE,,,5,,2020,78,149266089.765625,82583.61359350622
1910,Cities,THATCHER,,,75,,2020,79,24959662.02734375,69518.69935268554
1911,Cities,TOLLESON,,,7,,2020,80,20240124.39453125,54680.988182347624
1912,Cities,TOMBSTONE,,,76,,2020,81,22370277.2421875,29989.06087335702
1913,Cities,TUCSON,,,14,,2020,82,837302189.8242188,417664.97402274766
1914,Cities,TUSAYAN,,,91,,2020,83,66620149.80078125,50227.61540660532
1915,Cities,WELLTON,,,77,,2020,84,105619162.80859375,66765.36476648603
1916,Cities,WICKENBURG,,,19,,2020,85,73263005.5546875,80275.81435110219
1917,Cities,WILLCOX,,,78,,2020,86,22845867.71875,39328.10685179757
1918,Cities,WILLIAMS,,,79,,2020,87,171917388.1015625,74457.29292247987
1919,Cities,WINKELMAN,,,80,,2020,88,2725866.25390625,10393.527230732676
1920,Cities,WINSLOW,,,81,,2020,89,50108123.671875,48840.40461439538
1921,Cities,YOUNGTOWN,,,21,,2020,90,5662084.859375,14553.282017618234
1922,Cities,YUMA,,,82,,2020,91,439223055.79296875,322899.0608414409
1923,County,APACHE,AP,,1,1,2020,92,43845709386.58984,1217724.0113289333
1924,County,COCHISE,CH,,3,2,2020,93,22401955832.585938,602495.6585183112
1925,County,COCONINO,CN,,5,3,2020,94,73691592270.03906,1570862.9460622729
1926,County,GILA,GI,,7,4,2020,95,18032513312.160156,1039942.9824645153
1927,County,GRAHAM,GH,,9,5,2020,96,17148664821.390625,696094.3874024067
1928,County,GREENLEE,GE,,11,6,2020,97,6815587810.7734375,467570.1635180282
1929,County,LA PAZ,LA,,12,15,2020,98,16940578773.378906,707660.651379377
1930,County,MARICOPA,MA,,13,7,2020,99,34333149932.07422,979904.4150586796
1931,County,MOHAVE,MO,,15,8,2020,100,53032843186.50781,1329192.378998385
1932,County,NAVAJO,NA,,17,9,2020,101,38921117069.25,1146997.5472120724
1933,County,PIMA,PM,,19,10,2020,102,33259767022.003906,864194.0968681939
1934,County,PINAL,PN,,21,11,2020,103,19804584105.210938,716581.2956459905
1935,County,SANTA CRUZ,SC,,23,12,2020,104,4421591536.355469,298082.57634373446
1936,County,YAVAPAI,YV,,25,13,2020,105,31142423482.816406,899968.3570402609
1937,County,YUMA,YU,,27,14,2020,106,20268358720.273438,673472.5696448898
1938,Engineering District,Central,,,5,,2020,107,15644225684.824219,577477.0266247716
1939,Engineering District,Northcentral,,,7,,2020,108,94409167072.78516,1696114.2414283035
1940,Engineering District,Northeast,,,2,,2020,109,89277942755.22266,1508694.1346217326
1941,Engineering District,Northwest,,,6,,2020,110,78194567112.1875,1285149.9144282325
1942,Engineering District,Southcentral,,,4,,2020,111,60739924806.64453,1169738.789450058
1943,Engineering District,Southeast,,,1,,2020,112,55288564423.41406,1389588.21874003
1944,Engineering District,Southwest,,,3,,2020,113,51765822019.49609,1125144.4007694912
1945,Federal Land, ,,,835,,2020,114,1860401788.5390625,204832.2051065524
1946,Federal Land,Forest,,,272,,2020,115,66256802907.19531,13952420.263076525
1947,Federal Land,Indian Res.,,,721,,2020,116,121858010831.48828,6511337.681178449
1948,Federal Land,Local or State Parks,,,734,,2020,117,862801037.9375,932134.4219659419
1949,Federal Land,Military,,,733,,2020,118,15786872261.492188,2096279.562096006
1950,Federal Land,Natl. Mon,,,2125,,2020,119,5252613668.019531,579883.3970315256
1951,Federal Land,Natl. Mon.,,,841,,2020,120,5638269213.113281,1626163.2331983105
1952,Federal Land,Natl. Parks,,,19,,2020,121,14534297870.441406,4276006.357428727
1953,Federal Land,Other,,,745,,2020,122,213645786.5234375,576311.5566319143
1954,Federal Land,Wildlife,,,679,,2020,123,9794250695.289062,1342196.506592755
1955,MPO/COG,CAG,,Central Arizona Council of Governments,5,,2020,124,28295680915.421875,1451468.3822949578
1956,MPO/COG,CYMPO,,Central Yavapai Metropolitan Planning Organization,9,,2020,125,1541732791.4453125,229309.27217712734
1957,MPO/COG,FMPO,,Flagstaff Metropolitan Planning Organization,10,,2020,126,2046814238.75,182495.0556344609
1958,MPO/COG,LHMPO,,Lake Havasu City Metropolitan Planning Org,11,,2020,127,385485412.90234375,123570.45671863179
1959,MPO/COG,MAG,,Maricopa Association of Governments,1,,2020,128,39631676564.609375,1065945.596754763
1960,MPO/COG,NACOG,,Northern Arizona Council of Governments,3,,2020,129,184011113923.52734,2811273.9550154163
1961,MPO/COG,PAG,,Pima Association of Governments,2,,2020,130,33259757587.57422,863187.7212225845
1962,MPO/COG,SCMPO,,Sun Corridor Metropolitan Planning Organization,13,,2020,131,4242749413.984375,335483.7854518121
1963,MPO/COG,SEAGO,,South Eastern Arizona Governments Organization,6,,2020,132,50176622372.23047,1392406.627890904
1964,MPO/COG,SVMPO,,Sierra Vista Metropolitan Planning Organization,12,,2020,133,611038843.8671875,163000.02924908872
1965,MPO/COG,WACOG,,Western Arizona Council of Governments,4,,2020,134,69590399255.54297,1919529.143429192
1966,MPO/COG,YMPO,,Yuma Metropolitan Planning Organization,7,,2020,135,20268373102.359375,671819.9632408145
1967,Maintenance Unit,Avondale,,,5477,,2020,136,2795076286.2851562,259623.80083219978
1968,Maintenance Unit,Camp Verde,,,5161,,2020,137,3742555323.8945312,331506.0512747789
1969,Maintenance Unit,Casa Grande,,,5396,,2020,138,9595753051.78125,411949.8912554483
1970,Maintenance Unit,Chambers,,,5236,,2020,139,5577208663.609375,309371.836728715
1971,Maintenance Unit,Cordes Junction,,,5312,,2020,140,5527798772.34375,291465.1229985029
1972,Maintenance Unit,Douglas,,,5355,,2020,141,7816979928.3828125,476440.60063691036
1973,Maintenance Unit,Durango,,,5481,,2020,142,1257809134.1054688,178055.8444877022
1974,Maintenance Unit,Flagstaff,,,5151,,2020,143,4853988731.2265625,351850.4818073692
1975,Maintenance Unit,Fredonia,,,5156,,2020,144,27515055897.265625,726537.4298467274
1976,Maintenance Unit,Ganado,,,5235,,2020,145,19577204933.097656,565733.3847189418
1977,Maintenance Unit,Gila Bend,,,5433,,2020,146,11330033739.8125,466499.8681883258
1978,Maintenance Unit,Globe,,,5356,,2020,147,7607996674.496094,431525.0157813933
1979,Maintenance Unit,Gray Mountain,,,5153,,2020,148,11265387700.140625,555234.4899262626
1980,Maintenance Unit,Happy Valley Maint,,,5478,,2020,149,3774600192.046875,349305.8133004493
1981,Maintenance Unit,Holbrook,,,5231,,2020,150,7564193994.019531,421092.4559074374
1982,Maintenance Unit,Indian Pine,,,5240,,2020,151,5861363702.089844,321986.76657621143
1983,Maintenance Unit,Kayenta,,,5233,,2020,152,13674511238.121094,633173.0230554533
1984,Maintenance Unit,Keams Canyon,,,5234,,2020,153,14285937073.480469,511948.48616348155
1985,Maintenance Unit,Kingman,,,5319,,2020,154,27004060206.148438,741026.1028899455
1986,Maintenance Unit,Little Antelope,,,5154,,2020,155,3434558357.953125,238948.6812659943
1987,Maintenance Unit,Mesa,,,5480,,2020,156,4591103446.113281,301263.421525624
1988,Maintenance Unit,Needle Mountain,,,5321,,2020,157,9222170537.253906,490143.3862501234
1989,Maintenance Unit,Nogales,,,5394,,2020,158,6557393062.371094,365872.0744988262
1990,Maintenance Unit,Page,,,5155,,2020,159,13115093410.625,473255.1962517399
1991,Maintenance Unit,Payson,,,5160,,2020,160,7635003508.386719,493055.5895649609
1992,Maintenance Unit,Prescott,,,5311,,2020,161,8264535236.8203125,412149.12033185695
1993,Maintenance Unit,Quartzsite,,,5432,,2020,162,14277537047.601562,515476.6189919266
1994,Maintenance Unit,Roosevelt,,,5357,,2020,163,6665735301.3046875,348115.1076439219
1995,Maintenance Unit,Safford,,,5351,,2020,164,11713934577.867188,471832.6031503146
1996,Maintenance Unit,Seligman,,,5320,,2020,165,8159535970.371094,384556.2405712717
1997,Maintenance Unit,Show Low,,,5237,,2020,166,6886703784.140625,435832.7820264105
1998,Maintenance Unit,Springerville,,,5239,,2020,167,7412965073.613281,484391.78623547894
1999,Maintenance Unit,St. David,,,5401,,2020,168,5393835592.589844,331735.62222391856
2000,Maintenance Unit,St. Johns,,,5238,,2020,169,8437854293.050781,450769.11003557005
2001,Maintenance Unit,Superior,,,5359,,2020,170,3360130306.8085938,258319.59932876626
2002,Maintenance Unit,Three Points,,,5393,,2020,171,24404723817.195312,683270.8754898866
2003,Maintenance Unit,Three-Way,,,5352,,2020,172,8268507071.8671875,438803.2653715164
2004,Maintenance Unit,Tonopah,,,5434,,2020,173,7704189583.792969,372993.39268868044
2005,Maintenance Unit,Tucson East,,,5392,,2020,174,9978254463.53125,579101.3056902733
2006,Maintenance Unit,Tucson West,,,5391,,2020,175,4809964819.1796875,447416.29748177103
2007,Maintenance Unit,University,,,5479,,2020,176,3225636626.2734375,287208.2825071368
2008,Maintenance Unit,Wickenburg,,,5313,,2020,177,7572335015.625,403537.55633563234
2009,Maintenance Unit,Wikieup,,,5322,,2020,178,12444131373.625,447374.2497362236
2010,Maintenance Unit,Willcox,,,5353,,2020,179,9855280562.6875,464364.26205979555
2011,Maintenance Unit,Williams,,,5152,,2020,180,12263331409.984375,509207.5311821901
2012,Maintenance Unit,Winslow,,,5162,,2020,181,10584192733.308594,474220.3509237236
2013,Maintenance Unit,Yuma,,,5431,,2020,182,18454061648.289062,614246.0891479878
2014,Urban Area,"ARIZONA CITY, AZ",,,03088,,2020,183,33742803.3359375,32016.09480586271
2015,Urban Area,"AVONDALE--GOODYEAR, AZ",,,04549,,2020,184,658902313.6835938,149152.60220592844
2016,Urban Area,"BISBEE, AZ",,,07813,,2020,185,20610490.390625,67710.93472573871
2017,Urban Area,"BLYTHE, CA--AZ",,,08623,,2020,186,23135010.69140625,54822.76918800921
2018,Urban Area,"BUCKEYE, AZ",,,11134,,2020,187,128699532.3203125,63912.58619945681
2019,Urban Area,"BULLHEAD CITY, AZ--NV",,,11431,,2020,188,227792149.8515625,135436.6480569394
2020,Urban Area,"CAMP VERDE, AZ",,,13170,,2020,189,95011484.84765625,76672.24962791528
2021,Urban Area,"CASA GRANDE, AZ",,,14401,,2020,190,205664758.609375,77157.00932983778
2022,Urban Area,"CHINO VALLEY, AZ",,,16561,,2020,191,127264314.6171875,62239.06079069815
2023,Urban Area,"COLORADO CITY, AZ--UT",,,18802,,2020,192,44758719.82421875,32096.79630707962
2024,Urban Area,"COOLIDGE, AZ",,,19882,,2020,193,40324160.87890625,38765.61936498126
2025,Urban Area,"CORONA DE TUCSON, AZ",,,20247,,2020,194,29780934.02734375,35227.980325825876
2026,Urban Area,"COTTONWOOD--VERDE VILLAGE, AZ",,,20595,,2020,195,114854375.3046875,78927.82817391756
2027,Urban Area,"DOUGLAS, AZ",,,24499,,2020,196,48407787.9609375,42509.467538158606
2028,Urban Area,"EAGAR, AZ",,,25363,,2020,197,78060692.43359375,45619.75993766793
2029,Urban Area,"ELOY, AZ",,,27199,,2020,198,87256902.18359375,67772.23547282511
2030,Urban Area,"ESTRELLA, AZ",,,27991,,2020,199,73612715.40625,47914.305590414886
2031,Urban Area,"FLAGSTAFF, AZ",,,29818,,2020,200,249688422.9140625,175059.21127579242
2032,Urban Area,"FLORENCE, AZ",,,29980,,2020,201,29721786.95703125,39959.67585147581
2033,Urban Area,"GLOBE, AZ",,,33679,,2020,202,79349755.09765625,100782.45633543482
2034,Urban Area,"KINGMAN, AZ",,,45127,,2020,203,175291735.09765625,87955.04031006606
2035,Urban Area,"LAKE HAVASU CITY, AZ",,,46747,,2020,204,185100299.07421875,92165.40366972568
2036,Urban Area,"LAKE OF THE WOODS--PINETOP-LAKESIDE, AZ",,,46980,,2020,205,69370832.59375,62451.90029378008
2037,Urban Area,"MARANA WEST, AZ",,,54295,,2020,206,64643690.390625,41373.35576308812
2038,Urban Area,"MARICOPA, AZ",,,54477,,2020,207,137853097.48046875,68078.90642492054
2039,Urban Area,"MESQUITE, NV--AZ",,,56413,,2020,208,31088518.85546875,49144.01088521394
2040,Urban Area,"NEEDLES, CA--AZ",,,61435,,2020,209,39163429.1640625,53718.949034132354
2041,Urban Area,"NOGALES, AZ",,,63325,,2020,210,260566554.0625,118571.91521250158
2042,Urban Area,"PAGE, AZ",,,66808,,2020,211,43615278.6953125,29644.400043240512
2043,Urban Area,"PAYSON, AZ",,,68158,,2020,212,60976823.1796875,62235.66522896149
2044,Urban Area,"PHOENIX--MESA, AZ",,,69184,,2020,213,6028163986.515625,721444.6861403985
2045,Urban Area,"PRESCOTT VALLEY--PRESCOTT, AZ",,,72112,,2020,214,540363283.5664062,223497.48352473768
2046,Urban Area,RURAL,,,99999,,2020,215,420339899636.2617,6889294.404569596
2047,Urban Area,"SAFFORD, AZ",,,77095,,2020,216,129836963.2578125,110154.53340076582
2048,Urban Area,"SAHUARITA--GREEN VALLEY, AZ",,,77161,,2020,217,181977017.19921875,106275.63401138791
2049,Urban Area,"SAN LUIS, AZ",,,79120,,2020,218,18706280.66015625,23582.913337727576
2050,Urban Area,SEDONA,,,80470,,2020,219,43709232.03125,58519.694219355515
2051,Urban Area,"SHOW LOW, AZ",,,81712,,2020,220,106955179.01953125,90755.60504155504
2052,Urban Area,"SIERRA VISTA, AZ",,,81901,,2020,221,187893249.1328125,104182.13360844349
2053,Urban Area,"SNOWFLAKE, AZ",,,82684,,2020,222,75920474.140625,65526.926462237185
2054,Urban Area,"SOMERTON, AZ",,,82981,,2020,223,57292220.60546875,46462.97080664666
2055,Urban Area,"TUBA CITY, AZ",,,88705,,2020,224,38648155.56640625,38901.27128823929
2056,Urban Area,"TUCSON, AZ",,,88732,,2020,225,2205386653.1835938,381318.47798328276
2057,Urban Area,"VAIL, AZ",,,89910,,2020,226,101207485.35546875,60909.112129510155
2058,Urban Area,"VILLAGE OF OAK CREEK (BIG PARK), AZ",,,90640,,2020,227,17119315.9609375,24044.410553410275
2059,Urban Area,"VISTANCIA, AZ",,,90959,,2020,228,34097415.16015625,39496.0904051013
2060,Urban Area,"WHITERIVER, AZ",,,94888,,2020,229,72681215.2734375,83957.87099652685
2061,Urban Area,"WINSLOW, AZ",,,96616,,2020,230,65886723.1640625,47440.612031774064
2062,Urban Area,"YUMA, AZ--CA",,,98020,,2020,231,430556109.27734375,138676.65887001494
