letting,file,bytes
august-14--2026-letting,20260814_ApparentBidResults.pdf,82394
august-14--2026-letting,20260814_BidAuth.xlsx,51992
august-14--2026-letting,20260814_Call__CN26__Name__.xlsx,302665
august-14--2026-letting,20260814_ContractAwards.pdf,70804
august-14--2026-letting,20260814_SummaryOfBids.pdf,120141
february-6--2026-letting,20260206_ApparentBidResults.pdf,106017
february-6--2026-letting,20260206_BidAuth.xlsx,52163
february-6--2026-letting,20260206_Call___CNZ___Name__.xlsx,300466
february-6--2026-letting,20260206_ContractAwards.pdf,117732
february-6--2026-letting,20260206_SummaryOfBids.pdf,790620
january-9--2026-special-letting,20260109_ApparentBidResults.pdf,74511
january-9--2026-special-letting,20260109_BidAuth.xlsx,50713
january-9--2026-special-letting,20260109_Call___CNZ___Name__.xlsx,299332
january-9--2026-special-letting,20260109_ContractAwards.pdf,71744
january-9--2026-special-letting,20260109_SummaryOfBids.pdf,98750
june-26--2026-letting,20260626_ApparentBidResults.pdf,115188
june-26--2026-letting,20260626_BidAuth.xlsx,52198
june-26--2026-letting,20260626_Call__CN26__Name__.xlsx,302990
june-26--2026-letting,20260626_ContractAwards.pdf,109265
june-26--2026-letting,20260626_SummaryOfBids.pdf,1198356
march-20--2026-letting,20260320_BidAuth.xlsx,52199
march-20--2026-letting,20260320_Call__CNZ__Name__.xlsx,300566
march-20--2026-letting,20260320_ApparentBidResults.pdf,103806
march-20--2026-letting,20260320_ContractAwards.pdf,369649
march-20--2026-letting,20260320_SummaryOfBids.pdf,988079
may-8--2026-letting,20260508_ApparentBidResults.pdf,115291
may-8--2026-letting,20260508_BidAuth.xlsx,52205
may-8--2026-letting,20260508_Call__CN26__Name__.xlsx,302298
may-8--2026-letting,20260508_ContractAwards.pdf,109257
may-8--2026-letting,20260508_SummaryOfBids.pdf,541101
