OBJECTID,FIPSCode,Name,FeatureID,MapLayout,FIPSNum,Label,Type,CntyCode,Peninsula,MGFVersion,Shape__Area,Shape__Length
1,001,Alcona,51931f35-ce9a-491b-b699-49036d732254,Landscape,1,Alcona County,County,1,Lower,V25,4639953091.406006,318515.6976080659
2,003,Alger,8c7dd4c5-6ac6-4734-842a-9435187285a1,Portrait,3,Alger County,County,3,Upper,V25,13089550277.049438,519275.7563727031
3,005,Allegan,174ea398-4ee3-4ab0-ac6e-6e91d33a682b,Landscape,5,Allegan County,County,5,Lower,V25,4739586727.897507,324494.6932462887
4,007,Alpena,ee696d1a-c271-4a50-90f1-96c683eebd97,Landscape,7,Alpena County,County,7,Lower,V25,4393881509.120422,305295.18359826825
5,009,Antrim,a349ee7e-448e-40bb-8bbb-cdf44a483d6e,Landscape,9,Antrim County,County,9,Lower,V25,1578515911.4192047,187713.99472855064
6,011,Arenac,96f539f7-8401-48ee-a9c5-72f95851b392,Landscape,11,Arenac County,County,11,Lower,V25,1759835395.7749023,201180.45774953617
7,013,Baraga,1ddc278c-6efc-4f1d-8fdb-6da96c661b52,Portrait,13,Baraga County,County,13,Upper,V25,2764853022.6081543,234401.60247266167
8,015,Barry,71402469-8d31-4d9c-8e75-0764ae52e0d0,Landscape,15,Barry County,County,15,Lower,V25,1493487249.8090744,154680.72150691703
9,017,Bay,f9503d12-ff64-4fb6-833c-88dcfb5936a9,Portrait,17,Bay County,County,17,Lower,V25,1631418229.550949,183056.507064535
10,019,Benzie,505e7133-78b5-4e41-acc7-28a3d7e986d9,Landscape,19,Benzie County,County,19,Lower,V25,2218343211.3796387,212968.33165725888
11,021,Berrien,196ea7a6-5bf4-4902-bf00-0e19ce5d32bd,Landscape,21,Berrien County,County,21,Lower,V25,4093350781.1234016,260581.45593963598
12,023,Branch,630cb037-4f4d-4b3a-89c2-91e82ad55b95,Landscape,23,Branch County,County,23,Lower,V25,1345130542.519989,146785.4680347964
13,025,Calhoun,87f05253-ceaa-4253-ad21-fbc649dcc676,Landscape,25,Calhoun County,County,25,Lower,V25,1859151701.5658493,173827.31487088086
14,027,Cass,70316598-fbf4-44f4-b2df-aab41c60c02b,Landscape,27,Cass County,County,27,Lower,V25,1316150162.6305542,145621.98073901454
15,029,Charlevoix,2c45b82c-6d66-4301-826e-676571877c9b,Landscape,29,Charlevoix County,County,29,Lower,V25,3588138930.95813,320350.17600927065
16,031,Cheboygan,4579967c-fa65-4fda-a7be-12e0ba426d31,Portrait,31,Cheboygan County,County,31,Lower,V25,2291921317.185913,218357.85843510865
17,033,Chippewa,3ffe9a68-8a1a-4a4c-8a2f-3ece3c276887,Landscape,33,Chippewa County,County,33,Upper,V25,7019288069.443024,548109.8758266289
18,035,Clare,55dc8de2-13e6-4d0c-92c0-2e4db977b839,Landscape,35,Clare County,County,35,Lower,V25,1489090150.2923431,154462.9132405291
19,037,Clinton,0da5e35b-b9c8-4b5a-95a7-6a8cb58d248e,Landscape,37,Clinton County,County,37,Lower,V25,1486924246.5160065,154236.91091306473
20,039,Crawford,c63dd0ce-5e44-46aa-81f6-5facaec34768,Portrait,39,Crawford County,County,39,Lower,V25,1458050618.243454,152986.83358771063
21,041,Delta,0cc3ae45-a981-4e36-a9f9-23cbd2889fbf,Portrait,41,Delta County,County,41,Upper,V25,5153169883.05658,322532.94302987796
22,043,Dickinson,2ac9de9a-b375-4318-abdb-7687709997b5,Portrait,43,Dickinson County,County,43,Upper,V25,2010193047.2351532,202479.75202394754
23,045,Eaton,f33fba0a-7560-4bcf-87a4-5a7ffd88ae15,Landscape,45,Eaton County,County,45,Lower,V25,1499558251.9422913,154809.6920474232
24,047,Emmet,b179ba7f-84b0-4032-bf9b-64e18e759450,Portrait,47,Emmet County,County,47,Lower,V25,2281004299.9917603,201571.08126796078
25,049,Genesee,b95a65a5-b2ec-4bab-b1ad-4cf30889747b,Portrait,49,Genesee County,County,49,Lower,V25,1681328018.785797,174112.64388194578
26,051,Gladwin,2d47b75f-c2fa-44c5-96b0-1d7bd9cd218e,Portrait,51,Gladwin County,County,51,Lower,V25,1335360329.1519928,147936.91444989832
27,053,Gogebic,aa439600-f7dc-4fd8-920d-5f30d6afad57,Portrait,53,Gogebic County,County,53,Upper,V25,3834029167.1913223,403353.19414460787
28,055,Grand Traverse,7ebf3b0f-545d-4e5f-99d9-f9f44e8cb830,Portrait,55,Grand Traverse County,County,55,Lower,V25,1497244412.3394012,184603.60404895138
29,057,Gratiot,74d10182-d53c-4cce-bbb5-9e1050069422,Landscape,57,Gratiot County,County,57,Lower,V25,1479297584.4454346,154738.11045304063
30,059,Hillsdale,4285f598-c517-4467-86ab-751831a8d4a0,Portrait,59,Hillsdale County,County,59,Lower,V25,1570962129.626358,159563.2628756148
31,061,Houghton,caeaf525-5aa0-459e-9c5a-339f6d6f91a1,Portrait,61,Houghton County,County,61,Upper,V25,3884379875.068222,366148.23873461614
32,063,Huron,63c3c120-e32a-4c8d-8751-7e7bdf1fc0c8,Landscape,63,Huron County,County,63,Lower,V25,5518655567.725937,319120.480656509
33,065,Ingham,2b7373f4-3503-4eea-a7eb-6328d037f99b,Portrait,65,Ingham County,County,65,Lower,V25,1451084648.4231033,152901.94494814
34,067,Ionia,d24183d7-4d68-496d-a4c8-0e81cf439aff,Landscape,67,Ionia County,County,67,Lower,V25,1501142129.899109,154807.3009580036
35,069,Iosco,7bf8d1a4-7ba6-4ab7-b27c-8c1b8013526b,Landscape,69,Iosco County,County,69,Lower,V25,4917434911.683014,333167.2962574748
36,071,Iron,dd3190ed-9f89-487e-8cb4-6bb946f91e61,Landscape,71,Iron County,County,71,Upper,V25,3136152332.7222443,264468.35552486597
37,073,Isabella,70519aaa-741f-4edf-a37f-b31d6919ee58,Landscape,73,Isabella County,County,73,Lower,V25,1495038160.7234802,154837.38751256716
38,075,Jackson,184d3ac7-64ca-452d-b6ee-65092ea6a999,Landscape,75,Jackson County,County,75,Lower,V25,1872353196.79776,174620.29951891283
39,077,Kalamazoo,da82db47-7622-4e4c-aab8-1641f2bac796,Portrait,77,Kalamazoo County,County,77,Lower,V25,1502094991.793007,154905.29027931057
40,079,Kalkaska,4f254715-3cdc-4f46-a6a1-191e83fc885b,Portrait,79,Kalkaska County,County,79,Lower,V25,1476637338.88826,153874.67894531376
41,081,Kent,82c4fe4b-7596-4724-a0bc-33f7f905fd7c,Portrait,81,Kent County,County,81,Lower,V25,2256749924.459839,194021.36012482413
42,083,Keweenaw,571ddf02-0063-470d-9d20-485fd50af398,Landscape,83,Keweenaw County,County,83,Upper,V25,15483461665.94046,521844.95113845257
43,085,Lake,0437b367-634b-48c9-915c-55083752f7b3,Portrait,85,Lake County,County,85,Lower,V25,1486334098.6609344,154413.86754805292
44,087,Lapeer,1b70a0da-1d5f-4da9-ba77-33771cd82856,Portrait,87,Lapeer County,County,87,Lower,V25,1715945707.2785492,173088.73928024486
45,089,Leelanau,fe19ff06-10ca-4495-ad7e-85e79440bf56,Landscape,89,Leelanau County,County,89,Lower,V25,6585995464.928909,355982.15930518636
46,091,Lenawee,5dd4dc0f-2f7c-455b-a28b-fbd330b29925,Landscape,91,Lenawee County,County,91,Lower,V25,1970478524.3518143,179594.2341898725
47,093,Livingston,03da7dd6-4daf-4ec6-883e-2564f25400e6,Landscape,93,Livingston County,County,93,Lower,V25,1515185178.325882,156050.59526086107
48,095,Luce,1d93d76a-5844-48f0-811b-9cb8ee02af15,Portrait,95,Luce County,County,95,Upper,V25,4962037758.202393,311173.12186847243
49,097,Mackinac,7259a2ea-be0f-4ff7-a194-88ba84c99c57,Landscape,97,Mackinac County,County,97,Upper,V25,5432202235.279785,377332.6147353329
50,099,Macomb,32c01855-a49b-4a33-9b43-17d6d9f4afca,Portrait,99,Macomb County,County,99,Lower,V25,1477443172.3220978,157993.635033891
51,101,Manistee,b087e450-4609-4418-a63a-1c9f740f5b42,Landscape,101,Manistee County,County,101,Lower,V25,3329537587.4675293,253201.5246026241
52,103,Marquette,b8791d73-c151-4e10-a6ec-2a73236d5438,Portrait,103,Marquette County,County,103,Upper,V25,8856699207.42987,436187.8898114629
53,105,Mason,d277e70b-8c4f-4e15-8673-136ed0eba533,Landscape,105,Mason County,County,105,Lower,V25,3214338550.4099884,240478.3895884203
54,107,Mecosta,ae53827c-e379-4877-b2db-88df301ea518,Landscape,107,Mecosta County,County,107,Lower,V25,1478283300.11763,153899.99781195883
55,109,Menominee,499a0606-f901-42d0-90d6-05529a69965f,Portrait,109,Menominee County,County,109,Upper,V25,3464042400.722992,337788.5644920633
56,111,Midland,63653312-04a9-401c-ae6e-93b220299c0d,Portrait,111,Midland County,County,111,Lower,V25,1366680171.14859,150976.04873791256
57,113,Missaukee,ca879ef0-9f61-454f-9016-35bf54b5449d,Landscape,113,Missaukee County,County,113,Lower,V25,1485175045.357071,154513.93141171036
58,115,Monroe,0b2236d3-5e2f-4e55-a6d5-4f176ffcb462,Landscape,115,Monroe County,County,115,Lower,V25,1760262845.2162476,174515.28843857645
59,117,Montcalm,e8648cc4-766c-46d1-9d68-4fa883b65e49,Landscape,117,Montcalm County,County,117,Lower,V25,1865470898.64563,195157.66589557537
60,119,Montmorency,9b08b948-ae1f-4499-913e-f16701dbe512,Portrait,119,Montmorency County,County,119,Lower,V25,1456623596.5895386,153717.10479576138
61,121,Muskegon,735ab6ef-be89-43c9-801a-47e72ab15462,Landscape,121,Muskegon County,County,121,Lower,V25,3774223708.56633,294730.5192038438
62,123,Newaygo,e5b75753-051a-48f4-b169-a33a5522bc34,Portrait,123,Newaygo County,County,123,Lower,V25,2230301369.6381683,192802.1443514786
63,125,Oakland,e451e53d-c72c-4539-8893-5f385b4f3704,Portrait,125,Oakland County,County,125,Lower,V25,2348142614.2837524,194254.26352511687
64,127,Oceana,fefb6593-56e6-48d1-a911-d4df1709cb3b,Landscape,127,Oceana County,County,127,Lower,V25,3372522593.408554,251301.1209274387
65,129,Ogemaw,783dc527-f882-4ceb-bd89-55957ed904a1,Landscape,129,Ogemaw County,County,129,Lower,V25,1488245927.3110504,154297.85865679698
66,131,Ontonagon,1bed7bf2-c037-490d-a2a0-1fa9eb8c47d1,Portrait,131,Ontonagon County,County,131,Upper,V25,9680933637.552628,446565.0277348483
67,133,Osceola,5b7ac23d-b318-4ee8-84de-8d49e9d05dfa,Portrait,133,Osceola County,County,133,Lower,V25,1482812376.9165497,154002.2023351896
68,135,Oscoda,fc91b377-e165-46a6-a078-32f6a035f39f,Portrait,135,Oscoda County,County,135,Lower,V25,1479526912.695221,153950.351972415
69,137,Otsego,29bd0eb4-e61e-438e-8e09-0a231e85d40b,Landscape,137,Otsego County,County,137,Lower,V25,1362064569.0195007,153356.523278298
70,139,Ottawa,6ba27202-446e-4888-8ed2-05e99d95fabd,Landscape,139,Ottawa County,County,139,Lower,V25,4228424601.326683,309423.0660367148
71,141,Presque Isle,0fdf40ae-1acb-4d04-81c4-ad780a27e3ef,Landscape,141,Presque Isle County,County,141,Lower,V25,6676200159.69696,363971.3431272993
72,143,Roscommon,eb0069cd-42c0-4326-8f3d-f61a9df610df,Landscape,143,Roscommon County,County,143,Lower,V25,1501203136.131424,154264.041348693
73,145,Saginaw,c684bdd1-6e14-4df9-a344-93da0f63ea14,Landscape,145,Saginaw County,County,145,Lower,V25,2111863606.9519043,206141.9670388321
74,147,St. Clair,8ff0d65d-948d-482b-ad1f-e352da885b97,Portrait,147,St. Clair County,County,147,Lower,V25,2165876717.7170258,241571.12984792393
75,149,St. Joseph,c42ea871-1cd5-4e77-b8fb-04ef39db4344,Landscape,149,St. Joseph County,County,149,Lower,V25,1348762263.4608994,151800.58101739112
76,151,Sanilac,9c046a23-0595-49bf-9371-7aa1d9403a12,Landscape,151,Sanilac County,County,151,Lower,V25,4117362067.3899994,262812.51457819116
77,153,Schoolcraft,76fff2b6-fe18-4d44-be36-70141673877f,Portrait,153,Schoolcraft County,County,153,Upper,V25,4898567555.69545,322428.92596129916
78,155,Shiawassee,3246eeb9-3357-49d4-8e10-7af33f823c6a,Portrait,155,Shiawassee County,County,155,Lower,V25,1399981451.5099335,150145.33394161364
79,157,Tuscola,ee64c40a-294e-4f83-8046-8bb9d0b29f3b,Portrait,157,Tuscola County,County,157,Lower,V25,2370699303.294937,223554.75910748367
80,159,Van Buren,a8e98104-1228-4455-8b27-94aa2935de48,Landscape,159,Van Buren County,County,159,Lower,V25,2823244794.341812,292342.8420170639
81,161,Washtenaw,b3571996-303e-4946-83ba-b6a1212c48c1,Landscape,161,Washtenaw County,County,161,Lower,V25,1869625545.7433167,175261.13240285928
82,163,Wayne,4d3df23b-68d2-47ff-b1d7-ae8a72a93164,Landscape,163,Wayne County,County,163,Lower,V25,1742170517.9646378,213120.3764186376
83,165,Wexford,68edd8ef-d124-40a1-a131-dc86421c16c3,Landscape,165,Wexford County,County,165,Lower,V25,1489143920.0051117,154741.22586372145
