OBJECTID,CommunityName,IncorporationType,IncorporationYear,LatestChangeYear,SourceNote,IsActive,GISSqMi,last_edited_user,last_edited_date,created_user,created_date,NameAlt,CommunityID,Shape.STArea(),Shape.STLength()
1,Cold Bay,2nd Class City,1981,1982,,1,68.1,,,,,,{E5A46A8B-30C9-4FDF-A19D-A6A96277A26C},176265195.5359593,77959.13400975948
5,Port Lions,2nd Class City,1966,1983,,1,8.7,,,,,,{DDC4A50C-4C3E-4DEF-B660-9185BACAD8C5},22612500.37801436,21690.777282076906
6,Aleknagik,2nd Class City,1973,2000,,1,43.5,,,,,,{D9F6FF1F-CC12-41CB-B678-41BBCC900FF9},112723304.06391814,54227.98763337156
7,Pelican,1st Class City,1943,1987,,1,0.6,,,,,,{ED8A6F74-E397-4BA1-8052-EEF92A6C4F8B},1591255.684405675,6754.583660969459
10,Kasaan,2nd Class City,1976,1976,,1,6.8,,,,,,{559A9BCF-E97B-4506-925E-E21FB8E9FED9},17608486.34251098,21620.517330967064
11,Galena,1st Class City,1971,1985,,1,24.5,,,,,,{9CB98028-F75A-4D46-A951-AB787D2CF82E},63472865.61848667,38385.59713766696
13,Bethel,2nd Class City,1957,1967,,1,50.1,,,,,,{7B1302D1-C2B4-402C-8C43-141B93681692},129791652.8516278,46265.41898072325
14,Atqasuk,2nd Class City,1982,1982,,1,42.7,,,,,,{A79A606F-AA69-4994-A5A0-5E8AFE9EBA9A},110673751.12535018,46533.01070623088
16,Valdez,Home Rule City,1901,1970,,1,271.9,,,,,,{BDF957A0-FB1E-48AC-835A-A24FB2DFE444},704191468.8733317,146948.25322967078
18,Hooper Bay,2nd Class City,1966,1966,,1,7.5,,,,,,{8D01840C-135C-49A1-A1FE-5C63881EEF8A},19498455.350229416,28117.061541084095
19,Nightmute,2nd Class City,1974,1974,Legal overlaps earlier Toksook Bay Incorporation of 1972 by ~.6sq mi. GIS representation truncated to match Toksook Bay,1,103.7,MWO,1736845200000,,,,{A83F4C9F-FA93-4FC6-974A-39BA917BA023},268661640.5171314,72035.26946351619
21,Alakanuk,2nd Class City,1969,1981,,1,41.8,,,,,,{8142710A-7405-430F-9A0B-C44338B4B31A},108252691.17276844,48066.62242405927
22,Cordova,Home Rule City,1909,1993,,1,75.1,,,,,,{3921BE55-50DD-4433-8958-D5D2F2D001AE},194637043.8672966,83835.73416856852
23,Anaktuvuk Pass,2nd Class City,1957,1959,,1,5.2,,,,,,{C8F22DE3-2D24-49CD-A867-3855226D712F},13537589.10599383,14722.115144885356
24,Shaktoolik,2nd Class City,1969,1969,,1,1.0,,,,,,{CEDC63C2-3647-4702-B72B-D9E842E711FE},2712803.636908545,19010.967393938245
25,Tenakee Springs,2nd Class City,1971,1971,,1,17.9,,,,,,{E49E42CA-BF94-44E1-9650-6B93C551222E},46378982.68070443,38420.27146527273
27,Napaskiak,2nd Class City,1971,1971,,1,3.2,,,,,,{6D864316-582B-4749-A178-D9BAD04003D1},8218184.498601835,12468.444777472056
29,Stebbins,2nd Class City,1969,1970,,1,35.5,,,,,,{28ACD99B-0BF6-4373-A5BA-4F063E34485C},91917051.59059212,55485.01840710137
31,Aniak,2nd Class City,1972,1989,,1,8.5,,,,,,{4D22DC8A-9F5A-4C83-B835-F1133D6A8060},21949128.92945535,20863.761511087137
32,Chignik,2nd Class City,1983,1983,,1,15.9,,,,,,{99F023D0-9290-48CE-8E68-5683A57192DC},41055777.450032726,26066.734477527414
33,McGrath,2nd Class City,1975,1975,,1,47.9,,,,,,{44BA33DB-984D-44E1-BF2D-7E1A353E586D},124167463.86934245,45013.833598454316
35,Mekoryuk,2nd Class City,1969,1969,,1,7.1,,,,,,{06A5691A-049B-426D-85BC-73439735D4DB},18302317.138483386,31212.365455862706
36,Kupreanof,2nd Class City,1975,1975,,1,4.6,,,,,,{3F03290E-B081-4B92-9E0F-33F6E0CD513B},12037797.98418104,20601.648022329642
37,Pilot Station,2nd Class City,1969,1969,,1,1.9,,,,,,{E1D5467A-F8D6-443B-B722-DE5C4F46B5F8},4871181.386985315,9753.861761512046
38,Whittier,2nd Class City,1969,1973,,1,19.6,,,,,,{52F6D695-370B-4814-8DA9-00DCC073CA83},50856730.36999106,36775.158891116494
39,Shageluk,2nd Class City,1970,1970,,1,11.5,,,,,,{C1B6F29B-4A04-42DE-9F90-6F108C6C13A9},29783838.2828448,24154.03519753674
40,Old Harbor,2nd Class City,1966,1966,,1,22.6,,,,,,{126AE679-2933-4FD0-B985-FB1844FFBCA3},58504080.79547246,34273.51023893379
42,Nikolai,2nd Class City,1970,1970,,1,4.7,,,,,,{A9A591D6-DAB0-4694-9B95-1A56A7F5914D},12175126.750510525,14006.524354678982
43,Nunam Iqua,2nd Class City,1974,1974,,1,18.1,,,,,,{9E739177-0E1D-4131-A1AD-63F6A6F5E677},46868567.07291708,27384.260423700045
45,Chuathbaluk,2nd Class City,1975,1975,,1,6.2,,,,,,{493BC9A8-7869-476D-9319-B88C76EB388A},16132978.267451376,18451.35204887312
46,Ekwok,2nd Class City,1974,1974,,1,18.0,,,,,,{FAF5958B-8A56-4E28-B3B1-66B772A5A166},46619906.44181701,29003.613163522095
47,Eek,2nd Class City,1970,1970,,1,0.7,,,,,,{59543E82-DA08-4E48-BAA3-B0E7C0FF4767},1921115.4432441,6372.3901292324545
48,Port Heiden,2nd Class City,1972,1972,,1,47.4,,,,,,{58FEECD6-E89F-44AF-B707-E2BF0B91605A},122664537.4894987,53934.7447208241
49,Emmonak,2nd Class City,1964,1964,,1,5.9,,,,,,{6E142FF4-3A51-4D60-9F7A-8B65E66A9133},15305825.27323308,15939.293809916539
51,Seward,Home Rule City,1912,1977,,1,21.9,,,,,,{86E9E60C-762A-4D26-A7CC-57DC74916D5B},56658268.19367754,36533.611315893664
54,Anderson,2nd Class City,1962,1976,,1,45.0,,,,,,{3999FA6E-F8E0-4528-9406-C991F8BB8C52},116522931.20591857,49574.00069238838
55,Kobuk,2nd Class City,1973,1973,,1,16.0,,,,,,{319107E2-FB9A-474B-8237-6A8CFF382E09},41440668.17240842,25750.050393523463
56,Clark's Point,2nd Class City,1971,1971,,1,4.1,,,,,,{16FFACBB-CCBD-4A00-829F-F89904105FD5},10601187.11769594,13687.03164561494
60,Savoonga,2nd Class City,1969,1969,,1,5.9,,,,,,{72DFDB08-C634-4DC3-BA13-8C7F1E889436},15205169.67494567,24913.31502613131
61,Bettles,2nd Class City,1985,1985,,1,1.6,,,,,,{C4674250-987C-40CD-B550-D246607343D4},4108380.58903974,11628.059250241322
65,Unalaska,1st Class City,1942,1986,,1,211.0,,,,,,{F020D8C7-7FD0-4AFE-85DC-43D1C0A0B5F0},546380525.3074656,104726.57681142153
66,Nuiqsut,2nd Class City,1975,1976,,1,8.9,,,,,,{E24B0E44-1B59-4C79-8A8F-F7A2113EFF2F},23018242.768604197,19192.30454447937
67,Dillingham,1st Class City,1963,1988,,1,35.9,,,,,,{08E18522-8DAC-4DFC-975E-26751FE81958},93045846.19150645,41199.36335700146
68,Kaltag,2nd Class City,1969,1969,,1,27.6,,,,,,{5790AC9E-408E-42C0-BDC7-490DB0451EAD},71366474.2714133,33963.84395937883
69,Craig,1st Class City,1922,1973,,1,9.5,,,,,,{CAEF7CF3-5B35-45C3-9D11-A9E32B99E79B},24621179.35329522,26405.48264173259
72,Saint Michael,2nd Class City,1969,1969,,1,28.1,,,,,,{9BB36ABC-66B2-4E89-99FA-C2128E2AFCC9},72690921.85308562,51887.13187086971
73,Newhalen,2nd Class City,1971,1971,,1,8.5,,,,,,{510DC86B-4E8B-482F-9372-E63914E50E7D},22011500.08249125,20902.89055096758
74,Manokotak,2nd Class City,1970,2017,,1,108.4,,,,,,{3DF92237-DB7B-4CEB-88DE-A1481F4072AD},280779030.7479561,199480.73734643587
75,Grayling,2nd Class City,1969,1969,,1,11.2,,,,,,{DD04D244-B150-4D0C-83D9-26AAE567CC97},29133701.84655781,22291.01349595342
76,Chefornak,2nd Class City,1974,1974,,1,6.0,,,,,,{A446B551-74BE-4F56-B131-523C342C41BA},15512518.486306004,16064.388261883498
77,Platinum,2nd Class City,1975,1975,,1,47.3,,,,,,{B31B12CB-15A8-477A-A113-F6ACBD1D3120},122403088.70072947,58791.0483243168
78,Napakiak,2nd Class City,1970,1970,,1,2.6,,,,,,{16F1264E-DF67-4828-9E72-1AB821AB3F99},6694098.797704775,11676.74895552932
79,Selawik,2nd Class City,1977,1977,,1,3.0,,,,,,{E0F2C831-698F-4BCE-8AC1-4162BE7D6DCD},7765788.48030173,11257.17910502305
80,Angoon,2nd Class City,1963,1986,,1,39.0,,,,,,{B81542E6-6232-4F35-AEC4-F6C46F2BBDE1},100926971.9813158,71589.2618975725
84,Thorne Bay,2nd Class City,1982,1998,,1,29.7,,,,,,{3F597174-5CB5-4C16-8F4A-786886325C42},76965461.77131937,61860.1814636893
87,Upper Kalskag,2nd Class City,1975,1975,,1,4.0,,,,,,{50BD3072-1166-4F66-BB42-2E68C28DE654},10359641.276531085,12874.495333139814
88,Fort Yukon,2nd Class City,1959,1959,,1,6.9,,,,,,{641D75DC-10FB-4C68-9F27-A8720C97B6C0},17974196.525500607,21400.501321103497
89,Shungnak,2nd Class City,1967,1976,,1,9.0,,,,,,{9177B2E0-91EE-4644-A900-570CEA299846},23252949.631360706,19288.638201244998
90,Toksook Bay,2nd Class City,1972,1972,,1,71.4,,,,,,{976DFE6D-5070-41D4-B270-90EB077F8A48},185025150.00610107,55021.14748249376
92,New Stuyahok,2nd Class City,1972,1972,,1,36.0,,,,,,{0C233779-E987-4620-A2DB-33C5FF299964},93120184.92960036,38599.89709606074
93,Lower Kalskag,2nd Class City,1969,1970,Technically not based on PLSS quarter sections,1,1.7,MWO,1736845200000,,,,{511EBD11-DE52-4BAB-8C3E-D2E9F870E1EC},4532479.56319011,9656.127080592503
94,Kivalina,2nd Class City,1969,1969,,1,4.2,,,,,,{88062838-37F6-4578-9FDD-4DBF5CACD276},10775516.05539533,14490.007758215675
95,Koyuk,2nd Class City,1970,1970,,1,5.1,,,,,,{DF841D28-31A1-4978-A650-B56C189E60FD},13213650.26047631,16792.10602269114
96,Hughes,2nd Class City,1973,1973,,1,2.7,,,,,,{9D089209-6790-456D-85A0-4D3282C8B989},7025548.364521595,13956.862640966781
98,Kake,1st Class City,1952,1988,,1,13.5,,,,,,{2F5F6904-B47C-439D-9AC1-64135C4403A6},34984810.92586431,24540.985205363282
99,Buckland,2nd Class City,1966,1966,,1,1.0,,,,,,{2FD931D4-12DB-45C2-834A-4B4559E54BA5},2590077.884022825,6437.500919110206
100,Nenana,Home Rule City,1921,1969,,1,6.2,,,,,,{3AC29D09-E0DD-4840-9E31-13F575B4BFF4},16185415.59221325,19504.51986971196
101,Larsen Bay,2nd Class City,1974,1974,,1,6.3,,,,,,{9F0EF727-1805-4199-AD1B-40C49AF1B61C},16347969.93362654,18736.123563344194
104,Russian Mission,2nd Class City,1970,2018,,1,5.7,,,,,,{8DA86262-15AB-46C9-B997-7983A9FF34AB},14818043.223551475,15037.467809134077
107,Allakaket,2nd Class City,1975,2015,,1,17.0,,,,,,{D9E1C7EB-2990-486A-BEC6-DF457C95E944},44120660.05238466,28665.164581916197
108,Soldotna,Home Rule City,1967,2016,,1,7.4,,,,,,{D7CCEBD6-7236-44C6-9E78-19F98183CFFC},19105056.869362365,27794.38893959334
109,Ambler,2nd Class City,1971,1972,,1,11.8,,,,,,{E98663F6-E635-4427-85F1-48E3042D196E},30661332.442931876,23955.376981531666
110,Tanana,2nd Class City,1961,2024,,1,15.0,,,,,,{52BCEDDA-9254-47D3-9A2A-3B00217A0661},38849994.43147404,25751.63822620984
111,Ketchikan,Home Rule City,1900,2001,,1,4.9,,,,,,{081D88E7-5D78-4E36-AC3C-F753262F026C},12696481.440378414,30081.040513036896
113,Atka,2nd Class City,1988,1988,,1,36.5,,,,,,{C80F8014-AF4E-4834-B4A8-DED62C0786C1},94498122.0372674,78742.85756133258
114,Coffman Cove,2nd Class City,1989,1989,,1,13.3,,,,,,{1F684F46-814E-4675-B09B-A8449105B5E9},34411141.71123772,33719.68673657763
116,Saint Mary's,1st Class City,1967,1981,,1,51.6,,,,,,{8AB67F75-EAB7-4DEB-8885-83230D155E9C},133626736.98250772,60822.96759668952
117,Port Alexander,2nd Class City,1974,1974,,1,15.6,,,,,,{5A7529F3-5CC9-423D-AF30-9EE44F9D5E43},40300625.559322864,32215.792871726702
118,Nome,1st Class City,1901,1982,,1,21.4,,,,,,{72E9842F-ABE0-4390-9A93-917EDB1CF17B},55545679.50603652,37028.93892926995
120,Eagle,2nd Class City,1901,1901,,1,0.9,,,,,,{99E4149C-E691-4714-88EC-9EDCEF72C195},2313822.26844635,7522.225960799208
121,Klawock,1st Class City,1929,1991,,1,1.0,,,,,,{F3CDD092-3609-4B82-9B09-D35DB0E7375F},2504153.909463645,8776.845143071347
125,Kwethluk,2nd Class City,1975,1975,,1,11.8,,,,,,{FF083E35-08C8-468F-B328-F69992F18FB7},30612673.92390556,22326.038738484163
131,Holy Cross,2nd Class City,1968,1968,,1,36.1,,,,,,{6F84CE74-EDA0-4424-A080-4A7C0F08E5DF},93387537.5050914,38655.22221926875
132,Akiak,2nd Class City,1970,1970,,1,3.0,,,,,,{B9E3D976-5DA3-4850-884A-E7818D521898},7770109.53798062,11271.644903745242
133,White Mountain,2nd Class City,1969,1969,,1,2.0,,,,,,{7B4ACF01-3330-4839-B43B-E98C4902C151},5299665.08304685,9403.29956794143
135,False Pass,2nd Class City,1990,1990,,1,65.5,GIS_OWNER_DCRA,1528936718000,,,,{223C147A-542C-4057-8AE2-C5C99FC10AB1},169765911.81867465,80106.36026237607
138,Hydaburg,1st Class City,1927,1973,,1,0.3,,,,,,{BDF65BBA-7D3D-4EFD-8DC7-59E48EA68082},759545.755898885,4608.965168795696
139,Kotlik,2nd Class City,1970,1980,,1,3.5,,,,,,{9A6475BE-BEC0-49DA-8979-2C6E5FFF39CB},9064536.338946754,12859.102494476878
142,Kiana,2nd Class City,1964,1964,,1,0.2,,,,,,{A1701483-F114-4FB2-A478-D0F6039C3EA8},483262.06384885,3236.735732895616
143,King Cove,1st Class City,1947,1994,,1,29.2,,,,,,{E3FB0AD1-05D8-4D22-919A-F24830556C1F},75627847.6206917,43501.48240316229
144,Delta Junction,2nd Class City,1960,1960,,1,13.9,,,,,,{763EEB4F-118C-4AEA-A931-D707FE999A12},36101197.72264553,27754.197660249014
145,Akutan,2nd Class City,1979,2012,,1,147.9,,,,,,{D57C95FC-45D5-44E0-B99B-5325C15EBE66},383188224.000284,92967.07991662223
146,Sand Point,1st Class City,1978,1994,,1,30.3,,,,,,{BCCD0BE5-1002-4368-A664-108C425C91DD},78453896.28771548,43860.44364688011
147,Egegik,2nd Class City,1985,1995,,1,128.5,,,,,,{F7D03E2F-5588-4343-BE94-44E824B7A836},332726657.5212956,94407.71339384865
148,Pilot Point,2nd Class City,1992,1992,,1,154.8,,,,,,{6C3B7B41-3AE1-40AB-AA91-33A20E34131E},400942563.1894055,129786.68472520843
150,Togiak,2nd Class City,1969,1986,,1,229.2,,,,,,{5992D3C6-F615-45B1-BE46-B0FF54252CF2},593674624.7260598,132642.74221396053
151,Nondalton,2nd Class City,1971,1971,,1,7.0,,,,,,{C36AA39B-6B83-4B74-A7C0-A5500A611AFB},18229161.319947384,22534.89797422683
152,Hoonah,1st Class City,1946,1993,,1,8.7,,,,,,{67C77481-D454-4AD4-8099-C6A3005285DE},22532161.739091426,22370.894859110398
153,Saxman,2nd Class City,1929,1929,,1,1.0,,,,,,{19994FB4-B48F-4B91-B7EA-9D86BD4F52BD},2485197.332746545,6746.29007623523
154,Brevig Mission,2nd Class City,1969,1969,,1,2.5,,,,,,{01088110-F1CF-4DF6-A7C8-446D20A2B257},6506344.766559255,10874.80118649035
155,Diomede,2nd Class City,1970,1970,,1,2.4,,,,,,{9E47594D-5392-4A49-8FCD-026556C904AE},6297865.511722,9965.013463142805
156,Elim,2nd Class City,1970,1970,,1,2.7,,,,,,{962DB38D-BABD-43F0-AF8E-6B3C0964C131},6887101.82084404,13643.303638211131
158,Gambell,2nd Class City,1963,1963,,1,28.4,,,,,,{961462BD-8155-4FFF-863B-A652CC389066},73608137.95971309,30491.75178314597
159,Golovin,2nd Class City,1971,1971,,1,4.1,,,,,,{D18E8CFB-89C1-437A-ADAA-399023E0587C},10709166.204885315,16746.87817199155
161,Shishmaref,2nd Class City,1969,1969,,1,2.9,,,,,,{D1F96C65-49BF-4E7B-AA32-F9C4C50BB628},7589897.507714135,17318.017306377147
162,Teller,2nd Class City,1963,1982,,1,1.7,,,,,,{FABC6EB5-588F-4AD5-B3AB-A8511EBA408A},4352167.155783995,13360.760951639459
163,Unalakleet,2nd Class City,1974,1974,,1,4.9,,,,,,{C3143A12-95C5-434E-A174-05E3A93C6CB4},12808914.23583922,16751.610769764076
164,Wales,2nd Class City,1964,1964,,1,2.3,,,,,,{F8A9EA5F-A5D3-4A9C-B4B3-EDACC1AD5746},5966158.322416515,11171.702549812915
165,Goodnews Bay,2nd Class City,1970,1970,,1,3.3,,,,,,{86CBBCFB-1DC1-4C75-A1A2-84F6C19F0635},8633964.4477109,12909.517475918328
166,Quinhagak,2nd Class City,1969,1975,,1,4.7,,,,,,{B6E9CAAD-60A0-4BA0-9CA6-A849C3DAFC42},12137775.795965875,14418.35977998057
167,Saint George,2nd Class City,1983,1983,,1,176.2,,,,,,{55AFA1A4-5677-44A5-A22C-9F9D370747CE},456411462.54314584,82180.36448638451
168,Saint Paul,2nd Class City,1971,1986,,1,252.4,,,,,,{B7D914E8-D125-49F0-B374-8AE610E5DBC7},653709803.7440404,113292.32797025524
169,Marshall,2nd Class City,1970,1970,,1,4.1,,,,,,{2F8EE675-06A4-4B7A-9275-369FEB17B896},10525506.25850567,13234.646792739317
170,Mountain Village,2nd Class City,1967,1988,,1,5.4,,,,,,{EDB9EEBA-7A73-42DB-9658-44DA2280EBE3},14024665.424162775,16408.56597390897
171,Nunapitchuk,2nd Class City,1969,1982,,1,8.0,,,,,,{8D2790CB-3234-4141-9014-F2DED1D38D0C},20607777.801003926,19301.80720191609
172,Chevak,2nd Class City,1967,1967,,1,1.1,,,,,,{8ECE306F-1205-474A-AF5D-5A82326AFDD3},2965397.2610642,7537.040074128515
173,Scammon Bay,2nd Class City,1967,1967,,1,0.5,,,,,,{95BD0825-5CB3-4695-B177-4D026DA5894C},1212482.726379565,4512.758324463334
174,Akhiok,2nd Class City,1974,1972,,1,9.6,,,,,,{68670103-A544-40F0-AD9E-7215DEC2434C},24887199.509346437,21495.677198785317
175,Ouzinkie,2nd Class City,1967,1967,,1,7.0,,,,,,{758654AC-720A-4314-AC3E-4F1FC39187C4},18210140.262249026,18366.109197972866
176,Koyukuk,2nd Class City,1973,1973,,1,7.1,,,,,,{25A4F514-7ADF-4F62-873B-6D2F16141D13},18508459.78791759,18023.625431787743
179,Anvik,2nd Class City,1969,1969,,1,11.9,,,,,,{AED9D55C-5519-4DA0-A4A7-28349D8498CD},30890733.5805025,27914.888559625375
180,Huslia,2nd Class City,1969,1969,,1,16.3,,,,,,{049CEFC6-7BD3-4DA4-98C6-3D0DBE9942E3},42325422.11002067,28581.490298899662
181,Nulato,2nd Class City,1963,1963,,1,43.8,,,,,,{95F04BB3-8B3B-4FFF-841A-95C8338ED9C6},113400714.65011208,50501.43759982983
182,Ruby,2nd Class City,1973,1973,,1,7.0,,,,,,{E0D07527-6185-42A6-87A3-465F20FDF512},18191773.42009897,18094.503262980656
183,Gustavus,2nd Class City,2004,2012,,1,55.5,MWO,1736845200000,,,,{3D5231FD-4F19-414E-A871-FAFF3941FF8F},143780515.31656498,65896.09769524765
184,Deering,2nd Class City,1970,1970,,1,5.1,,,,,,{A2CE0B1C-09FD-4927-A2E9-B20CC0109806},13218420.983260665,17958.18231035475
185,Kotzebue,2nd Class City,1958,1972,,1,26.5,,,,,,{209A76C3-F9A4-4015-987C-78C5A44BE669},68644222.18990777,49384.19314862707
186,Noorvik,2nd Class City,1964,1986,,1,1.3,,,,,,{E4853413-2729-4F25-AE7D-845D797872A7},3278177.546284905,7484.605386780568
187,Utqiagvik,1st Class City,1958,1972,,1,21.5,,,,,Barrow,{2697EF3A-7387-4208-B455-A046543D1AA7},55615967.83430725,38610.46162350708
188,Kaktovik,2nd Class City,1971,1971,,1,1.0,,,,,,{9B8441F9-AEFE-4E1D-BD2C-725FCCBB0299},2710461.696385185,8277.838412352894
189,Point Hope,2nd Class City,1966,1984,,1,5.3,,,,,,{717918EA-EB98-4319-B4C9-D70D262F7CE2},13644649.84274819,37236.82004802649
190,Wainwright,2nd Class City,1962,1962,,1,28.0,,,,,,{0B9370B1-7BCB-4AA4-B8CF-A63AECD907D3},72609865.22228248,30217.322857311625
191,Kodiak,Home Rule City,1940,1991,,1,5.5,,,,,,{98F61372-E8BA-41BD-8291-B2318BB0C9F0},14284991.26419766,22788.450318389645
192,Kenai,Home Rule City,1960,1960,,1,47.2,,,,,,{C4939227-7B0D-42C1-9C0D-69118EE45B96},122173058.93455791,60861.37943733687
193,Seldovia,1st Class City,1945,1994,,1,0.5,,,,,,{A8F5B7D5-CE39-47C3-BAB5-4BA4EDCEF514},1392085.63256779,5914.993118390122
194,Homer,1st Class City,1964,2002,,1,25.4,,,,,,{74B62695-129C-4E06-A228-C50EFCC9A872},65714341.62315124,52311.29189956701
195,Kachemak,2nd Class City,1961,2012,,1,1.7,,,,,,{3D257994-65F8-4489-A35E-C42F284CB327},4326284.90348767,12443.579996598057
196,Palmer,Home Rule City,1951,2018,,1,5.1,,,,,,{EDA8ED1A-C25C-4FF0-8681-021AAF1072C9},13148688.55140295,29597.673981488395
197,Wasilla,1st Class City,1974,2013,,1,13.2,GIS_OWNER_DCRA,1545372108000,,,,{8805779A-5590-497A-82CB-9053953A6555},34180686.40908202,42537.47795067039
198,Houston,2nd Class City,1966,2015,,1,25.3,,,,,,{15846556-C6AB-448D-B51D-2DE0E8727969},65411601.81735075,53222.60136005402
200,North Pole,Home Rule City,1953,1990,,1,4.1,,,,,,{CD260976-029D-40A9-8CC4-1ECF3F63EEFC},10514236.708971245,20922.807273843435
201,Edna Bay,2nd Class City,2014,2014,,1,27.0,,,,,,{85B7409D-F9A3-4D1C-8587-BA31448CD26E},69864129.20568046,33137.95764849112
202,Adak,2nd Class City,2001,2001,,1,71.9,,,,,,{C712D789-18CD-4C6C-A0FB-E5B7BB9B1B86},186156983.92642903,60385.750164111436
204,Fairbanks,Home Rule City,1903,2017,,1,32.6,,,,,,{7102AFBB-6F0A-4C7A-92FF-6F5A6D66AB18},84464958.24815856,57289.46188909753
205,Whale Pass,2nd Class City,2017,2017,,1,25.8,,,,,,{4999C06C-E2C7-48C4-9BD9-E95833F9D114},66924280.61552421,38547.00879502289
